Vorname,Anzahl,Geschlecht
Emilia,103,w
Emma,101,w
Mia,93,w
Sophia,78,w
Anna,72,w
Lea,71,w
Mila,71,w
Clara,67,w
Sophie,65,w
Helena,61,w
Marie,59,w
Amelie,58,w
Antonia,58,w
Charlotte,55,w
Lena,53,w
Sara,52,w
Ida,51,w
Nora,51,w
Leonie,49,w
Lina,49,w
Olivia,49,w
Luisa,48,w
Sofia,48,w
Emily,46,w
Maria,46,w
Lara,45,w
Elisa,41,w
Laura,40,w
Paula,40,w
Romy,37,w
Valentina,37,w
Carla,36,w
Ella,36,w
Isabella,35,w
Hanna,34,w
Julia,34,w
Mathilda,34,w
Elena,33,w
Maya,33,w
Johanna,32,w
Marlene,31,w
Theresa,30,w
Frida,29,w
Klara,29,w
Victoria,29,w
Alma,28,w
Elisabeth,28,w
Luna,28,w
Hannah,27,w
Paulina,26,w
Carlotta,25,w
Eva,25,w
Lotta,25,w
Mira,25,w
Cleo,24,w
Philippa,24,w
Chiara,23,w
Leni,23,w
Rosa,23,w
Rosalie,23,w
Alina,22,w
Amalia,22,w
Aurelia,22,w
Hana,22,w
Maja,22,w
Sarah,22,w
Elina,21,w
Josefine,21,w
Josephine,21,w
Lia,21,w
Lilly,21,w
Luise,21,w
Mara,21,w
Nina,21,w
Viktoria,21,w
Matilda,20,w
Frieda,19,w
Louisa,19,w
Martha,19,w
Miriam,19,w
Valerie,19,w
Zoe,19,w
Amina,18,w
Ava,18,w
Flora,18,w
Jana,18,w
Magdalena,18,w
Juna,17,w
Karla,17,w
Linda,17,w
Emilie,16,w
Livia,16,w
Lucia,16,w
Pauline,16,w
Stella,16,w
Ada,15,w
Aurora,15,w
Ela,15,w
Elif,15,w
Katharina,15,w
Thea,15,w
Amelia,14,w
Diana,14,w
Dua,14,w
Felicitas,14,w
Liliana,14,w
Malia,14,w
Melina,14,w
Zeynep,14,w
Amaya,13,w
Amira,13,w
Ayla,13,w
Leyla,13,w
Lilia,13,w
Lisa,13,w
Lola,13,w
Nika,13,w
Yuna,13,w
Alicia,12,w
Fiona,12,w
Malou,12,w
Mina,12,w
Nele,12,w
Ana,11,w
Asya,11,w
Aylin,11,w
Eleni,11,w
Ena,11,w
Lana,11,w
Marina,11,w
Medina,11,w
Pia,11,w
Ronja,11,w
Tilda,11,w
Alba,10,w
Alexandra,10,w
Annika,10,w
Azra,10,w
Eliana,10,w
Ema,10,w
Lejla,10,w
Luana,10,w
Malina,10,w
Sofija,10,w
Tara,10,w
Valeria,10,w
Vera,10,w
Yara,10,w
Anni,9,w
Esma,9,w
Felicia,9,w
Finja,9,w
Freya,9,w
Helene,9,w
Lilli,9,w
Marta,9,w
Alisa,8,w
Alva,8,w
Anastasia,8,w
Anouk,8,w
Ariana,8,w
Ellie,8,w
Evelyn,8,w
Giulia,8,w
Iris,8,w
Jasmin,8,w
Kira,8,w
Lilith,8,w
Lily,8,w
Liv,8,w
Lorena,8,w
Lotte,8,w
Malena,8,w
Marla,8,w
Melissa,8,w
Naomi,8,w
Neyla,8,w
Noemi,8,w
Yasmin,8,w
Aaliyah,7,w
Alice,7,w
Amara,7,w
Annabelle,7,w
Aria,7,w
Cecilia,7,w
Dalia,7,w
Elea,7,w
Eleonora,7,w
Elin,7,w
Gabriela,7,w
Liya,7,w
Malea,7,w
Mayla,7,w
Merle,7,w
Naima,7,w
Rita,7,w
Ruby,7,w
Selina,7,w
Una,7,w
Amy,6,w
Charlie,6,w
Dana,6,w
Elizabeth,6,w
Elsa,6,w
Emelie,6,w
Florentine,6,w
Franziska,6,w
Isabel,6,w
Iva,6,w
Kaia,6,w
Lucy,6,w
Mariam,6,w
Martina,6,w
Maryam,6,w
Meryem,6,w
Milla,6,w
Mona,6,w
Natalia,6,w
Nela,6,w
Nia,6,w
Nova,6,w
Philomena,6,w
Pina,6,w
Talia,6,w
Tiana,6,w
Viola,6,w
Alea,5,w
Aliya,5,w
Aliyah,5,w
Amilia,5,w
Arya,5,w
Beatrice,5,w
Camila,5,w
Camilla,5,w
Cara,5,w
Cataleya,5,w
Chloé,5,w
Coco,5,w
Daria,5,w
Elise,5,w
Fatima,5,w
Grace,5,w
Henriette,5,w
Iman,5,w
Inaya,5,w
Isabelle,5,w
Ivy,5,w
Karina,5,w
Karolina,5,w
Kenza,5,w
Kiara,5,w
Leah,5,w
Leona,5,w
Leonora,5,w
Liana,5,w
Liara,5,w
Lidya,5,w
Louise,5,w
Ludovica,5,w
Malika,5,w
Mariella,5,w
Milena,5,w
Miray,5,w
Nayla,5,w
Nefeli,5,w
Nisa,5,w
Noa,5,w
Sandra,5,w
Selin,5,w
Selma,5,w
Tabea,5,w
Teodora,5,w
Vivien,5,w
Zoé,5,w
Aadhya,4 oder weniger,w
Aalia,4 oder weniger,w
Aaliya,4 oder weniger,w
Aanya,4 oder weniger,w
Aarya,4 oder weniger,w
Aashvi,4 oder weniger,w
Aathirasree,4 oder weniger,w
Aavya,4 oder weniger,w
Aayana,4 oder weniger,w
Aayra,4 oder weniger,w
Abigäel,4 oder weniger,w
Aceliya,4 oder weniger,w
Achelya,4 oder weniger,w
Achmedina,4 oder weniger,w
Adaeze,4 oder weniger,w
Adaluna,4 oder weniger,w
Adalyn,4 oder weniger,w
Adan,4 oder weniger,w
Adea,4 oder weniger,w
Adel,4 oder weniger,w
Adela,4 oder weniger,w
Adelaide,4 oder weniger,w
Adèle,4 oder weniger,w
Adelia,4 oder weniger,w
Adelina,4 oder weniger,w
Adeliya,4 oder weniger,w
Aditi,4 oder weniger,w
Adiyef,4 oder weniger,w
Adjara,4 oder weniger,w
Adna,4 oder weniger,w
Adora,4 oder weniger,w
Adriana,4 oder weniger,w
Adrijana,4 oder weniger,w
Aela,4 oder weniger,w
Aelís,4 oder weniger,w
Afiyah,4 oder weniger,w
Afnan,4 oder weniger,w
Afruza,4 oder weniger,w
Agatha,4 oder weniger,w
Agnes,4 oder weniger,w
Ahanna,4 oder weniger,w
Ahsen,4 oder weniger,w
Aida,4 oder weniger,w
Aida-Carina,4 oder weniger,w
Aikaterini,4 oder weniger,w
Aimee,4 oder weniger,w
Ainara,4 oder weniger,w
Ainhoa,4 oder weniger,w
Aiperi,4 oder weniger,w
Airen,4 oder weniger,w
Aischa-Marie,4 oder weniger,w
Aisha,4 oder weniger,w
Aita,4 oder weniger,w
Aiva,4 oder weniger,w
Aivi,4 oder weniger,w
Aiza,4 oder weniger,w
Ajana,4 oder weniger,w
Ajka,4 oder weniger,w
Ajla,4 oder weniger,w
Ajlin,4 oder weniger,w
Ajna,4 oder weniger,w
Ajooni,4 oder weniger,w
Ajsi,4 oder weniger,w
Akama,4 oder weniger,w
Aki,4 oder weniger,w
Akida,4 oder weniger,w
Akira,4 oder weniger,w
Aksa,4 oder weniger,w
Akyla,4 oder weniger,w
Akzere,4 oder weniger,w
Alaa,4 oder weniger,w
Alaina,4 oder weniger,w
Alana,4 oder weniger,w
Alanis,4 oder weniger,w
Alanna,4 oder weniger,w
Alara,4 oder weniger,w
Aleah,4 oder weniger,w
Aleandra,4 oder weniger,w
Aleida,4 oder weniger,w
Alejna,4 oder weniger,w
Aleksandra,4 oder weniger,w
Alena,4 oder weniger,w
Alesa,4 oder weniger,w
Alessandra,4 oder weniger,w
Alessia,4 oder weniger,w
Alessia-Denisa,4 oder weniger,w
Alessya,4 oder weniger,w
Alexandrina,4 oder weniger,w
Alexia,4 oder weniger,w
Alexis,4 oder weniger,w
Aleya,4 oder weniger,w
Aleyna,4 oder weniger,w
Alia,4 oder weniger,w
Aliah,4 oder weniger,w
Aliana,4 oder weniger,w
Alice-Jolie,4 oder weniger,w
Alicja,4 oder weniger,w
Aline,4 oder weniger,w
Alison,4 oder weniger,w
Alissa,4 oder weniger,w
Alissia,4 oder weniger,w
Alithea,4 oder weniger,w
Alix,4 oder weniger,w
Allaya,4 oder weniger,w
Allegra,4 oder weniger,w
Alma-Lou,4 oder weniger,w
Almas,4 oder weniger,w
Almira,4 oder weniger,w
Alora,4 oder weniger,w
Alsanna,4 oder weniger,w
Althea,4 oder weniger,w
Aluna,4 oder weniger,w
Alya,4 oder weniger,w
Alyah,4 oder weniger,w
Amaia,4 oder weniger,w
Amaira,4 oder weniger,w
Amal,4 oder weniger,w
Amalia-Elena,4 oder weniger,w
Amalie,4 oder weniger,w
Amalija,4 oder weniger,w
Amalya,4 oder weniger,w
Amanda,4 oder weniger,w
Amarena,4 oder weniger,w
Amari,4 oder weniger,w
Amariell,4 oder weniger,w
Amarillis,4 oder weniger,w
Amaryllis,4 oder weniger,w
Amber,4 oder weniger,w
Ambika,4 oder weniger,w
Amea,4 oder weniger,w
Amedea,4 oder weniger,w
Ameera,4 oder weniger,w
Amela,4 oder weniger,w
Amélie,4 oder weniger,w
Amely,4 oder weniger,w
Amenze,4 oder weniger,w
Amets,4 oder weniger,w
Amie,4 oder weniger,w
Amila,4 oder weniger,w
Aminata,4 oder weniger,w
Amine,4 oder weniger,w
Amla,4 oder weniger,w
Amna,4 oder weniger,w
Amra,4 oder weniger,w
Ana-Clara,4 oder weniger,w
Anaalia,4 oder weniger,w
Anabel,4 oder weniger,w
Anabia,4 oder weniger,w
Anais,4 oder weniger,w
Anaïs,4 oder weniger,w
Anais-Maria,4 oder weniger,w
Analeia,4 oder weniger,w
Anastasia-Elena,4 oder weniger,w
Anastasija,4 oder weniger,w
Anaya,4 oder weniger,w
Anays-Maria,4 oder weniger,w
Anđelina,4 oder weniger,w
Andrada,4 oder weniger,w
Andrea,4 oder weniger,w
Andreana,4 oder weniger,w
Andreea-Julia,4 oder weniger,w
Andreea-Sofia,4 oder weniger,w
Andriana,4 oder weniger,w
Anduena,4 oder weniger,w
Ane,4 oder weniger,w
Anea,4 oder weniger,w
Anela,4 oder weniger,w
Anesa,4 oder weniger,w
Angel,4 oder weniger,w
Angela,4 oder weniger,w
Angelina,4 oder weniger,w
Anhaar,4 oder weniger,w
Ani,4 oder weniger,w
Anida,4 oder weniger,w
Anija,4 oder weniger,w
Anika,4 oder weniger,w
Anina,4 oder weniger,w
Anisa,4 oder weniger,w
Anisija,4 oder weniger,w
Anissa,4 oder weniger,w
Anita,4 oder weniger,w
Ann,4 oder weniger,w
Anna-Eliana,4 oder weniger,w
Anna-Gloria,4 oder weniger,w
Anna-Maria,4 oder weniger,w
Anna-Valeria,4 oder weniger,w
Annabel,4 oder weniger,w
Annabell,4 oder weniger,w
Annabella,4 oder weniger,w
Annalena,4 oder weniger,w
Annamaria,4 oder weniger,w
Anneke,4 oder weniger,w
Anneli,4 oder weniger,w
Annelie,4 oder weniger,w
Anneliese,4 oder weniger,w
Annelore,4 oder weniger,w
Annemarie,4 oder weniger,w
Änni,4 oder weniger,w
Annie,4 oder weniger,w
Annouk,4 oder weniger,w
Antara,4 oder weniger,w
Antea,4 oder weniger,w
Anthea,4 oder weniger,w
Antonie,4 oder weniger,w
Anuk,4 oder weniger,w
Anvika,4 oder weniger,w
Anya,4 oder weniger,w
Apollonia,4 oder weniger,w
Aqdas,4 oder weniger,w
Arabelle,4 oder weniger,w
Aravi,4 oder weniger,w
Aray,4 oder weniger,w
Arba,4 oder weniger,w
Ardiana,4 oder weniger,w
Areeba,4 oder weniger,w
Areebah,4 oder weniger,w
Arela,4 oder weniger,w
Aretha,4 oder weniger,w
Areti,4 oder weniger,w
Ari,4 oder weniger,w
Ariadni,4 oder weniger,w
Ariana-Maria,4 oder weniger,w
Ariane,4 oder weniger,w
Arianna,4 oder weniger,w
Arianthi-Sousana,4 oder weniger,w
Ariella,4 oder weniger,w
Arielle,4 oder weniger,w
Arielle-Ruth,4 oder weniger,w
Arijana,4 oder weniger,w
Arika,4 oder weniger,w
Arin,4 oder weniger,w
Arina,4 oder weniger,w
Armina,4 oder weniger,w
Arnisa,4 oder weniger,w
Aroa,4 oder weniger,w
Arsema,4 oder weniger,w
Arta,4 oder weniger,w
Artista,4 oder weniger,w
Arunita,4 oder weniger,w
Arwa,4 oder weniger,w
Aryana,4 oder weniger,w
Asel,4 oder weniger,w
Asena,4 oder weniger,w
Asenat,4 oder weniger,w
Ashanti,4 oder weniger,w
Ashlesha,4 oder weniger,w
Ashley,4 oder weniger,w
Asia,4 oder weniger,w
Asiri,4 oder weniger,w
Asiya,4 oder weniger,w
Asja,4 oder weniger,w
Asma,4 oder weniger,w
Asra,4 oder weniger,w
Assena,4 oder weniger,w
Astha,4 oder weniger,w
Astira,4 oder weniger,w
Astrid,4 oder weniger,w
Athanasia,4 oder weniger,w
Atina,4 oder weniger,w
Audrey,4 oder weniger,w
Aulona,4 oder weniger,w
Aura,4 oder weniger,w
Aurélie,4 oder weniger,w
Aureliya,4 oder weniger,w
Auri,4 oder weniger,w
Ava-Victoria,4 oder weniger,w
Avan,4 oder weniger,w
Avelina,4 oder weniger,w
Avgi,4 oder weniger,w
Avika,4 oder weniger,w
Avin,4 oder weniger,w
Axelle,4 oder weniger,w
Aya,4 oder weniger,w
Ayalga,4 oder weniger,w
Ayano,4 oder weniger,w
Ayat,4 oder weniger,w
Ayça,4 oder weniger,w
Ayleen,4 oder weniger,w
Aylina,4 oder weniger,w
Ayliva,4 oder weniger,w
Ayliz,4 oder weniger,w
Aymara,4 oder weniger,w
Ayperi,4 oder weniger,w
Ayra,4 oder weniger,w
Aysha,4 oder weniger,w
Ayshe,4 oder weniger,w
Aysu,4 oder weniger,w
Aysun,4 oder weniger,w
Azal,4 oder weniger,w
Azhara,4 oder weniger,w
Aziza,4 oder weniger,w
Azzurra,4 oder weniger,w
Bảo,4 oder weniger,w
Baani,4 oder weniger,w
Bahar,4 oder weniger,w
Bahara,4 oder weniger,w
Banu,4 oder weniger,w
Bao,4 oder weniger,w
Baraa,4 oder weniger,w
Barbara,4 oder weniger,w
Beatriz,4 oder weniger,w
Behlin,4 oder weniger,w
Bella,4 oder weniger,w
Belle-Louise,4 oder weniger,w
Beril,4 oder weniger,w
Berinay,4 oder weniger,w
Berra,4 oder weniger,w
Berta,4 oder weniger,w
Besa,4 oder weniger,w
Betel,4 oder weniger,w
Bethel,4 oder weniger,w
Beya,4 oder weniger,w
Beyza,4 oder weniger,w
Bia,4 oder weniger,w
Bianca,4 oder weniger,w
Bibisora,4 oder weniger,w
Bilge,4 oder weniger,w
Bina,4 oder weniger,w
Bishaaro,4 oder weniger,w
Blanca,4 oder weniger,w
Blanka,4 oder weniger,w
Blina,4 oder weniger,w
Bobbie,4 oder weniger,w
Bogdana,4 oder weniger,w
Bonnie,4 oder weniger,w
Bora,4 oder weniger,w
Borislava,4 oder weniger,w
Branka,4 oder weniger,w
Bridgett,4 oder weniger,w
Brigitta,4 oder weniger,w
Briseis,4 oder weniger,w
Bruna,4 oder weniger,w
Brunhilde,4 oder weniger,w
Buchura,4 oder weniger,w
Bùi,4 oder weniger,w
Buna,4 oder weniger,w
Bushra,4 oder weniger,w
Caja,4 oder weniger,w
Calina,4 oder weniger,w
Camille,4 oder weniger,w
Cardi,4 oder weniger,w
Carina,4 oder weniger,w
Carlie,4 oder weniger,w
Carline,4 oder weniger,w
Carmen,4 oder weniger,w
Carola,4 oder weniger,w
Carolin,4 oder weniger,w
Carolina,4 oder weniger,w
Caroline,4 oder weniger,w
Casilda,4 oder weniger,w
Cataleya-Maria,4 oder weniger,w
Caya,4 oder weniger,w
Cecília,4 oder weniger,w
Celest,4 oder weniger,w
Celeste,4 oder weniger,w
Celia,4 oder weniger,w
Celin,4 oder weniger,w
Celine,4 oder weniger,w
Celine-Maria,4 oder weniger,w
Cellara,4 oder weniger,w
Cemre,4 oder weniger,w
Cennet,4 oder weniger,w
Ceylin,4 oder weniger,w
Chagit,4 oder weniger,w
Chamaine,4 oder weniger,w
Charlotta,4 oder weniger,w
Charvi,4 oder weniger,w
Chelsea,4 oder weniger,w
Cherifa,4 oder weniger,w
Chidinma,4 oder weniger,w
Chimamanda,4 oder weniger,w
Chinonye,4 oder weniger,w
Chioma,4 oder weniger,w
Chizobam,4 oder weniger,w
Chloë,4 oder weniger,w
Chrisi,4 oder weniger,w
Chrisoula,4 oder weniger,w
Christa,4 oder weniger,w
Christelle,4 oder weniger,w
Christin,4 oder weniger,w
Christina,4 oder weniger,w
Ciara,4 oder weniger,w
Çisel,4 oder weniger,w
Claire,4 oder weniger,w
Clarisse,4 oder weniger,w
Clarita,4 oder weniger,w
Claudia,4 oder weniger,w
Clea,4 oder weniger,w
Clementina,4 oder weniger,w
Cléo,4 oder weniger,w
Cleopatra,4 oder weniger,w
Cleophe,4 oder weniger,w
Clia,4 oder weniger,w
Clio,4 oder weniger,w
Cloe,4 oder weniger,w
Colette,4 oder weniger,w
Collien,4 oder weniger,w
Constance,4 oder weniger,w
Cora,4 oder weniger,w
Cosette,4 oder weniger,w
Cosima,4 oder weniger,w
Cosma,4 oder weniger,w
Cynthia,4 oder weniger,w
Dahlia,4 oder weniger,w
Dalija,4 oder weniger,w
Dalin,4 oder weniger,w
Daliya,4 oder weniger,w
Dalya,4 oder weniger,w
Danai,4 oder weniger,w
Dania,4 oder weniger,w
Danica,4 oder weniger,w
Daniela,4 oder weniger,w
Danija,4 oder weniger,w
Daphne,4 oder weniger,w
Dariia,4 oder weniger,w
Darija,4 oder weniger,w
Darja,4 oder weniger,w
Darya,4 oder weniger,w
Daryna,4 oder weniger,w
Davina,4 oder weniger,w
Dayana,4 oder weniger,w
Dea,4 oder weniger,w
Debora,4 oder weniger,w
Deborah,4 oder weniger,w
Deeksha,4 oder weniger,w
Deepana,4 oder weniger,w
Defne,4 oder weniger,w
Deiya,4 oder weniger,w
Dejla,4 oder weniger,w
Delia,4 oder weniger,w
Delilah,4 oder weniger,w
Delin,4 oder weniger,w
Delina,4 oder weniger,w
Delnas,4 oder weniger,w
Delnia,4 oder weniger,w
Demina,4 oder weniger,w
Denef,4 oder weniger,w
Denisa,4 oder weniger,w
Denise-Sophie,4 oder weniger,w
Derin,4 oder weniger,w
Deservi,4 oder weniger,w
Deva,4 oder weniger,w
Dhalia,4 oder weniger,w
Dhurata,4 oder weniger,w
Diariatou,4 oder weniger,w
Dila,4 oder weniger,w
Dilara,4 oder weniger,w
Dilay,4 oder weniger,w
Dilraj,4 oder weniger,w
Dilsad,4 oder weniger,w
Dimitra,4 oder weniger,w
Dimitrije,4 oder weniger,w
Dimyana,4 oder weniger,w
Dina,4 oder weniger,w
Diya,4 oder weniger,w
Diya-Maëlys,4 oder weniger,w
Diyana,4 oder weniger,w
Djerie,4 oder weniger,w
Donia,4 oder weniger,w
Dora,4 oder weniger,w
Dorathy,4 oder weniger,w
Doris,4 oder weniger,w
Dorothee,4 oder weniger,w
Dorsa,4 oder weniger,w
Dragana,4 oder weniger,w
Dunja,4 oder weniger,w
Dunya,4 oder weniger,w
Dünya,4 oder weniger,w
Duru,4 oder weniger,w
Duwa,4 oder weniger,w
Dviti,4 oder weniger,w
Earta,4 oder weniger,w
Ebba,4 oder weniger,w
Eda,4 oder weniger,w
Edanur,4 oder weniger,w
Eden,4 oder weniger,w
Edith,4 oder weniger,w
Edna,4 oder weniger,w
Edona,4 oder weniger,w
Edwina,4 oder weniger,w
Effat,4 oder weniger,w
Eflin,4 oder weniger,w
Efnan,4 oder weniger,w
Efrata,4 oder weniger,w
Efsun,4 oder weniger,w
Eftelja,4 oder weniger,w
Efthimia,4 oder weniger,w
Ehizefa,4 oder weniger,w
Ehmi,4 oder weniger,w
Eileen,4 oder weniger,w
Eirini,4 oder weniger,w
Ejlal,4 oder weniger,w
Ekaterina,4 oder weniger,w
Ekaterini,4 oder weniger,w
Ekin,4 oder weniger,w
Ela-Beyda,4 oder weniger,w
Ela-Hira,4 oder weniger,w
Elana,4 oder weniger,w
Elanur,4 oder weniger,w
Elba,4 oder weniger,w
Eldana,4 oder weniger,w
Eleah,4 oder weniger,w
Eleanor,4 oder weniger,w
Eléanore,4 oder weniger,w
Elektra,4 oder weniger,w
Elen,4 oder weniger,w
Elenia,4 oder weniger,w
Elenía,4 oder weniger,w
Elenor,4 oder weniger,w
Elenora,4 oder weniger,w
Eleonore,4 oder weniger,w
Eleyna,4 oder weniger,w
Eli,4 oder weniger,w
Elia,4 oder weniger,w
Eliána,4 oder weniger,w
Elijana,4 oder weniger,w
Elikya,4 oder weniger,w
Elinda,4 oder weniger,w
Eline,4 oder weniger,w
Elinor,4 oder weniger,w
Elisabetta,4 oder weniger,w
Elisea,4 oder weniger,w
Elisha,4 oder weniger,w
Elissa,4 oder weniger,w
Elissavet,4 oder weniger,w
Eliyshama,4 oder weniger,w
Eliz,4 oder weniger,w
Elizabet,4 oder weniger,w
Elizan,4 oder weniger,w
Ella-Iulia,4 oder weniger,w
Ellen,4 oder weniger,w
Ellena,4 oder weniger,w
Elli,4 oder weniger,w
Ellona,4 oder weniger,w
Elly,4 oder weniger,w
Elma,4 oder weniger,w
Elodie,4 oder weniger,w
Élodie,4 oder weniger,w
Eloisa,4 oder weniger,w
Elora,4 oder weniger,w
Elroe,4 oder weniger,w
Elsie,4 oder weniger,w
Elva,4 oder weniger,w
Elvi,4 oder weniger,w
Elyn,4 oder weniger,w
Ember,4 oder weniger,w
Emel,4 oder weniger,w
Emeli,4 oder weniger,w
Emi,4 oder weniger,w
Emili,4 oder weniger,w
Emilia-Sophie,4 oder weniger,w
Emilia-Theresa,4 oder weniger,w
Émilie,4 oder weniger,w
Emilija,4 oder weniger,w
Emina,4 oder weniger,w
Emma-Alexandra,4 oder weniger,w
Emma-Ioana,4 oder weniger,w
Emma-Lotta,4 oder weniger,w
Emma-Milou,4 oder weniger,w
Emmi,4 oder weniger,w
Emmie,4 oder weniger,w
Emmy,4 oder weniger,w
Enaya,4 oder weniger,w
Enes,4 oder weniger,w
Enie,4 oder weniger,w
Eniola,4 oder weniger,w
Enisa,4 oder weniger,w
Enja,4 oder weniger,w
Enya,4 oder weniger,w
Era,4 oder weniger,w
Erika,4 oder weniger,w
Erina,4 oder weniger,w
Erjona,4 oder weniger,w
Ermela,4 oder weniger,w
Eronmwon,4 oder weniger,w
Erva,4 oder weniger,w
Eshaal,4 oder weniger,w
Esila,4 oder weniger,w
Esila-Lee,4 oder weniger,w
Eslem,4 oder weniger,w
Eslina,4 oder weniger,w
Esme,4 oder weniger,w
Esmeralda,4 oder weniger,w
Esra,4 oder weniger,w
Estela,4 oder weniger,w
Estelle,4 oder weniger,w
Ester,4 oder weniger,w
Esther,4 oder weniger,w
Esya,4 oder weniger,w
Eszter,4 oder weniger,w
Etherin,4 oder weniger,w
Eva-Lavinia,4 oder weniger,w
Evangelia,4 oder weniger,w
Eve,4 oder weniger,w
Evi,4 oder weniger,w
Eviana,4 oder weniger,w
Evie,4 oder weniger,w
Ewa,4 oder weniger,w
Ewlin,4 oder weniger,w
Ezichi,4 oder weniger,w
Fabiola,4 oder weniger,w
Fae,4 oder weniger,w
Fanni,4 oder weniger,w
Fanny,4 oder weniger,w
Farah,4 oder weniger,w
Farha,4 oder weniger,w
Farhat,4 oder weniger,w
Farida,4 oder weniger,w
Fatema,4 oder weniger,w
Fatihah,4 oder weniger,w
Fatima-Zehra,4 oder weniger,w
Fatma,4 oder weniger,w
Fatmanur,4 oder weniger,w
Fatoumata,4 oder weniger,w
Faty,4 oder weniger,w
Favour,4 oder weniger,w
Faye,4 oder weniger,w
Federica,4 oder weniger,w
Fee,4 oder weniger,w
Feena,4 oder weniger,w
Felia,4 oder weniger,w
Felina,4 oder weniger,w
Feline,4 oder weniger,w
Felipa,4 oder weniger,w
Felizitas,4 oder weniger,w
Feyza,4 oder weniger,w
Fia,4 oder weniger,w
Filina,4 oder weniger,w
Filine,4 oder weniger,w
Filippa,4 oder weniger,w
Filomena,4 oder weniger,w
Finia,4 oder weniger,w
Finola,4 oder weniger,w
Firdaus,4 oder weniger,w
Firdevs,4 oder weniger,w
Firouzeh,4 oder weniger,w
Fiza,4 oder weniger,w
Flaminia,4 oder weniger,w
Flavia,4 oder weniger,w
Fleur,4 oder weniger,w
Flóra,4 oder weniger,w
Flora-Sofia,4 oder weniger,w
Florence,4 oder weniger,w
Florentina,4 oder weniger,w
Florina,4 oder weniger,w
Florine,4 oder weniger,w
Flourish,4 oder weniger,w
Foteini,4 oder weniger,w
Franca,4 oder weniger,w
Francesca,4 oder weniger,w
Francisca,4 oder weniger,w
Franka,4 oder weniger,w
Freda,4 oder weniger,w
Frederica,4 oder weniger,w
Freyja,4 oder weniger,w
Friederike,4 oder weniger,w
Fritza,4 oder weniger,w
Fritzi,4 oder weniger,w
Frona,4 oder weniger,w
Gabriela-Claudia,4 oder weniger,w
Gabriella,4 oder weniger,w
Gaia,4 oder weniger,w
Galina,4 oder weniger,w
Galini,4 oder weniger,w
Georgia,4 oder weniger,w
Georgina,4 oder weniger,w
Gergana,4 oder weniger,w
Gesa,4 oder weniger,w
Gia,4 oder weniger,w
Gia-Han,4 oder weniger,w
Giada,4 oder weniger,w
Gianna,4 oder weniger,w
Giláh,4 oder weniger,w
Giliana,4 oder weniger,w
Gioia,4 oder weniger,w
Giovanna,4 oder weniger,w
Gisu,4 oder weniger,w
Gleza,4 oder weniger,w
Gloria,4 oder weniger,w
Greta,4 oder weniger,w
Guadalupe,4 oder weniger,w
Guinevere,4 oder weniger,w
Gul,4 oder weniger,w
Gülbahar,4 oder weniger,w
Gülbana,4 oder weniger,w
Guliana,4 oder weniger,w
Güliz,4 oder weniger,w
Gülnaz,4 oder weniger,w
Gülten,4 oder weniger,w
Gwendolin,4 oder weniger,w
Haadiya,4 oder weniger,w
Haasika,4 oder weniger,w
Hada,4 oder weniger,w
Hadia,4 oder weniger,w
Hadiya,4 oder weniger,w
Hafsa,4 oder weniger,w
Hailey,4 oder weniger,w
Hala,4 oder weniger,w
Haley,4 oder weniger,w
Halima,4 oder weniger,w
Hamta,4 oder weniger,w
Hanani,4 oder weniger,w
Hani,4 oder weniger,w
Hania,4 oder weniger,w
Hanifa,4 oder weniger,w
Haniya,4 oder weniger,w
Hanna-Leonor,4 oder weniger,w
Hannah-Fey,4 oder weniger,w
Hanne,4 oder weniger,w
Hanvitha,4 oder weniger,w
Haram,4 oder weniger,w
Harea,4 oder weniger,w
Hareem,4 oder weniger,w
Harisa,4 oder weniger,w
Hasinat,4 oder weniger,w
Hatice,4 oder weniger,w
Hatidza,4 oder weniger,w
Hava,4 oder weniger,w
Havin,4 oder weniger,w
Havva,4 oder weniger,w
Hawa,4 oder weniger,w
Hayat,4 oder weniger,w
Hayley,4 oder weniger,w
Hazal,4 oder weniger,w
Hazel,4 oder weniger,w
Heaven,4 oder weniger,w
Heavenly,4 oder weniger,w
Hedda,4 oder weniger,w
Hedy,4 oder weniger,w
Heidi,4 oder weniger,w
Helen,4 oder weniger,w
Helena-Luisa,4 oder weniger,w
Helia,4 oder weniger,w
Helin,4 oder weniger,w
Hella,4 oder weniger,w
Helma,4 oder weniger,w
Hënora,4 oder weniger,w
Hermina,4 oder weniger,w
Hermine,4 oder weniger,w
Hevin,4 oder weniger,w
Hewin,4 oder weniger,w
Hila,4 oder weniger,w
Hilda,4 oder weniger,w
Hilde,4 oder weniger,w
Hira,4 oder weniger,w
Hivy,4 oder weniger,w
Hiyabel,4 oder weniger,w
Ho,4 oder weniger,w
Holly,4 oder weniger,w
Honoka,4 oder weniger,w
Hosanna,4 oder weniger,w
Hosna,4 oder weniger,w
Hristina,4 oder weniger,w
Huda,4 oder weniger,w
Humaida,4 oder weniger,w
Hümeyra,4 oder weniger,w
Husna,4 oder weniger,w
Iara,4 oder weniger,w
Idvin,4 oder weniger,w
İkra,4 oder weniger,w
Ikra,4 oder weniger,w
İla,4 oder weniger,w
Ila,4 oder weniger,w
Ilaaf,4 oder weniger,w
Ilan,4 oder weniger,w
Ilaria,4 oder weniger,w
İlay,4 oder weniger,w
Ilay,4 oder weniger,w
Ilayda,4 oder weniger,w
Ilda,4 oder weniger,w
Ilektra,4 oder weniger,w
Ilena,4 oder weniger,w
Ilenia,4 oder weniger,w
Ileya,4 oder weniger,w
Ilham,4 oder weniger,w
Iliana,4 oder weniger,w
Ilinca,4 oder weniger,w
Iliz,4 oder weniger,w
Ilma,4 oder weniger,w
Ilvy,4 oder weniger,w
Imani,4 oder weniger,w
Ina,4 oder weniger,w
Inaaya,4 oder weniger,w
Inaia,4 oder weniger,w
Inara,4 oder weniger,w
Inas,4 oder weniger,w
Inba,4 oder weniger,w
Ines,4 oder weniger,w
Inés,4 oder weniger,w
Ingrid,4 oder weniger,w
Inla,4 oder weniger,w
Insa,4 oder weniger,w
Ioana-Ozana,4 oder weniger,w
Ioanna,4 oder weniger,w
Ioanna-Eirini,4 oder weniger,w
Ioli,4 oder weniger,w
Iona,4 oder weniger,w
Iosifina,4 oder weniger,w
İpek,4 oder weniger,w
Ira,4 oder weniger,w
Iraia,4 oder weniger,w
Iraida,4 oder weniger,w
Iram,4 oder weniger,w
Irene,4 oder weniger,w
Iria,4 oder weniger,w
Irida,4 oder weniger,w
Irina,4 oder weniger,w
Irini,4 oder weniger,w
Irma,4 oder weniger,w
Isabela-Maria,4 oder weniger,w
Isabell,4 oder weniger,w
Isabell-Clara,4 oder weniger,w
Ishani,4 oder weniger,w
Ishitha,4 oder weniger,w
Isis,4 oder weniger,w
Isla,4 oder weniger,w
Isolde,4 oder weniger,w
Isra,4 oder weniger,w
Israa,4 oder weniger,w
Ithar,4 oder weniger,w
Ivana,4 oder weniger,w
Ivanka,4 oder weniger,w
Ivanna,4 oder weniger,w
Ivanshi,4 oder weniger,w
Ivien,4 oder weniger,w
Iyanu,4 oder weniger,w
Iye,4 oder weniger,w
Iyra,4 oder weniger,w
Izabel,4 oder weniger,w
Izabela,4 oder weniger,w
Jada,4 oder weniger,w
Jade,4 oder weniger,w
Jade-Faye,4 oder weniger,w
Jaimie,4 oder weniger,w
Jaine,4 oder weniger,w
Jaliya,4 oder weniger,w
Jamie-Lou,4 oder weniger,w
Jamila,4 oder weniger,w
Janah,4 oder weniger,w
Janan,4 oder weniger,w
Jane,4 oder weniger,w
Janika,4 oder weniger,w
Janna,4 oder weniger,w
Jannah,4 oder weniger,w
Jannat,4 oder weniger,w
Janne,4 oder weniger,w
Jaqueline,4 oder weniger,w
Jara,4 oder weniger,w
Jasmina,4 oder weniger,w
Jasvika,4 oder weniger,w
Jayla,4 oder weniger,w
Jázmin,4 oder weniger,w
Jehan,4 oder weniger,w
Jelena,4 oder weniger,w
Jella,4 oder weniger,w
Jemima,4 oder weniger,w
Jennifer,4 oder weniger,w
Jerina,4 oder weniger,w
Jessica,4 oder weniger,w
Jioanna,4 oder weniger,w
Jivana,4 oder weniger,w
Joana,4 oder weniger,w
Joanna,4 oder weniger,w
Jolie,4 oder weniger,w
Jolina,4 oder weniger,w
Jolynn,4 oder weniger,w
Jona,4 oder weniger,w
Jonila,4 oder weniger,w
Jonna,4 oder weniger,w
Jordana,4 oder weniger,w
Jordyn,4 oder weniger,w
Josefa,4 oder weniger,w
Josefina,4 oder weniger,w
Josepha,4 oder weniger,w
Josephina,4 oder weniger,w
Josie,4 oder weniger,w
Josine,4 oder weniger,w
Joud,4 oder weniger,w
Joury,4 oder weniger,w
Jovana,4 oder weniger,w
Joy,4 oder weniger,w
Joya-Anabel,4 oder weniger,w
Juanita,4 oder weniger,w
Judy,4 oder weniger,w
Jule,4 oder weniger,w
Juli,4 oder weniger,w
Juliana,4 oder weniger,w
Juliane,4 oder weniger,w
Julie,4 oder weniger,w
Juliet,4 oder weniger,w
Juliette,4 oder weniger,w
Julliet,4 oder weniger,w
Juni,4 oder weniger,w
Junipa,4 oder weniger,w
Junisa,4 oder weniger,w
Juno,4 oder weniger,w
Kaede,4 oder weniger,w
Kailana,4 oder weniger,w
Kaira,4 oder weniger,w
Kaja,4 oder weniger,w
Kalea,4 oder weniger,w
Kalia,4 oder weniger,w
Kaliana,4 oder weniger,w
Kalina,4 oder weniger,w
Kalotta,4 oder weniger,w
Kaltrina,4 oder weniger,w
Kamelia,4 oder weniger,w
Kamila,4 oder weniger,w
Kamilah,4 oder weniger,w
Kara,4 oder weniger,w
Karina-Elena,4 oder weniger,w
Karla-Helena,4 oder weniger,w
Karlie,4 oder weniger,w
Karlotta,4 oder weniger,w
Karoline,4 oder weniger,w
Kata,4 oder weniger,w
Katalina,4 oder weniger,w
Kate,4 oder weniger,w
Katelynn,4 oder weniger,w
Katerina,4 oder weniger,w
Katherine,4 oder weniger,w
Katja,4 oder weniger,w
Katrina,4 oder weniger,w
Katya,4 oder weniger,w
Kavatine,4 oder weniger,w
Kawsar,4 oder weniger,w
Kaya,4 oder weniger,w
Kayan,4 oder weniger,w
Kaylah,4 oder weniger,w
Kayra,4 oder weniger,w
Kenz,4 oder weniger,w
Keti,4 oder weniger,w
Keziban-Ikra,4 oder weniger,w
Khadija,4 oder weniger,w
Kiana,4 oder weniger,w
Kielya,4 oder weniger,w
Kiera,4 oder weniger,w
Kim,4 oder weniger,w
Kim-Anh,4 oder weniger,w
Kimaya,4 oder weniger,w
Kimberly,4 oder weniger,w
Kimi,4 oder weniger,w
Kinsi,4 oder weniger,w
Kioni,4 oder weniger,w
Kirsten,4 oder weniger,w
Kiswah,4 oder weniger,w
Kitana,4 oder weniger,w
Kiyana,4 oder weniger,w
Klara-Miruna,4 oder weniger,w
Klaudia,4 oder weniger,w
Klea,4 oder weniger,w
Klio,4 oder weniger,w
Kokoro,4 oder weniger,w
Kotoha,4 oder weniger,w
Krasimira,4 oder weniger,w
Kremena,4 oder weniger,w
Krisha,4 oder weniger,w
Krishna,4 oder weniger,w
Krisiya,4 oder weniger,w
Kristallia,4 oder weniger,w
Kristel,4 oder weniger,w
Kristen,4 oder weniger,w
Kristina,4 oder weniger,w
Kristiyana,4 oder weniger,w
Kseniia,4 oder weniger,w
Ksenija,4 oder weniger,w
Kudret,4 oder weniger,w
Kyara,4 oder weniger,w
Kyla,4 oder weniger,w
Kyra,4 oder weniger,w
Ladina,4 oder weniger,w
Laetitia,4 oder weniger,w
Laetizia,4 oder weniger,w
Laia,4 oder weniger,w
Laila,4 oder weniger,w
Laïla,4 oder weniger,w
Lalisa,4 oder weniger,w
Lamia,4 oder weniger,w
Lamija,4 oder weniger,w
Landra,4 oder weniger,w
Lani,4 oder weniger,w
Laren,4 oder weniger,w
Larin,4 oder weniger,w
Larissa,4 oder weniger,w
Latika,4 oder weniger,w
Lavin,4 oder weniger,w
Lavina,4 oder weniger,w
Lavinia,4 oder weniger,w
Lavinya,4 oder weniger,w
Layan,4 oder weniger,w
Layana,4 oder weniger,w
Layla,4 oder weniger,w
Layya,4 oder weniger,w
Léa,4 oder weniger,w
Leana,4 oder weniger,w
Leandra,4 oder weniger,w
Learta,4 oder weniger,w
Leen,4 oder weniger,w
Leia,4 oder weniger,w
Leila,4 oder weniger,w
Lejana,4 oder weniger,w
Lejna,4 oder weniger,w
Lene,4 oder weniger,w
Lenja,4 oder weniger,w
Lenka,4 oder weniger,w
Leoni,4 oder weniger,w
Leonita,4 oder weniger,w
Leonore,4 oder weniger,w
Leticia,4 oder weniger,w
Letizia,4 oder weniger,w
Levdora,4 oder weniger,w
Leya,4 oder weniger,w
Leya-Louise,4 oder weniger,w
Leyana,4 oder weniger,w
Leylani,4 oder weniger,w
Leyna,4 oder weniger,w
Lía,4 oder weniger,w
Lia-Maysa,4 oder weniger,w
Liah,4 oder weniger,w
Lian,4 oder weniger,w
Lidia,4 oder weniger,w
Lidiya,4 oder weniger,w
Lieselotte,4 oder weniger,w
Lif,4 oder weniger,w
Lijara,4 oder weniger,w
Lila,4 oder weniger,w
Lilan,4 oder weniger,w
Lilani,4 oder weniger,w
Lili,4 oder weniger,w
Lilian,4 oder weniger,w
Liliane,4 oder weniger,w
Lilibet,4 oder weniger,w
Lilien,4 oder weniger,w
Liliya,4 oder weniger,w
Lille,4 oder weniger,w
Lillia,4 oder weniger,w
Lilliana,4 oder weniger,w
Lillie,4 oder weniger,w
Lilly-Marie,4 oder weniger,w
Lilo,4 oder weniger,w
Lilou,4 oder weniger,w
Lily-Rose,4 oder weniger,w
Lilya,4 oder weniger,w
Lima,4 oder weniger,w
Limea,4 oder weniger,w
Limona,4 oder weniger,w
Lin,4 oder weniger,w
Lina-Sophie,4 oder weniger,w
Linea,4 oder weniger,w
Linn,4 oder weniger,w
Linnea,4 oder weniger,w
Lioba,4 oder weniger,w
Liona,4 oder weniger,w
Lirika,4 oder weniger,w
Lisanne,4 oder weniger,w
Lise,4 oder weniger,w
Liubov,4 oder weniger,w
Liva,4 oder weniger,w
Liyah,4 oder weniger,w
Liyana,4 oder weniger,w
Liyara,4 oder weniger,w
Liz,4 oder weniger,w
Liza,4 oder weniger,w
Lizay,4 oder weniger,w
Lizelotte,4 oder weniger,w
Loela,4 oder weniger,w
Loki,4 oder weniger,w
Lola-Marie,4 oder weniger,w
Lora,4 oder weniger,w
Loreen,4 oder weniger,w
Lorelei,4 oder weniger,w
Loreta,4 oder weniger,w
Lori,4 oder weniger,w
Lorie,4 oder weniger,w
Lorin,4 oder weniger,w
Lou,4 oder weniger,w
Louma,4 oder weniger,w
Louna,4 oder weniger,w
Lovis,4 oder weniger,w
Lua,4 oder weniger,w
Luanne,4 oder weniger,w
Lubna,4 oder weniger,w
Lubov,4 oder weniger,w
Luca,4 oder weniger,w
Lucía,4 oder weniger,w
Luciana,4 oder weniger,w
Lucija,4 oder weniger,w
Lucile,4 oder weniger,w
Lucille,4 oder weniger,w
Lucinda,4 oder weniger,w
Łucja,4 oder weniger,w
Ludmilla,4 oder weniger,w
Luena,4 oder weniger,w
Luiza,4 oder weniger,w
Lulia,4 oder weniger,w
Luliana,4 oder weniger,w
Lumi,4 oder weniger,w
Luna-Sky,4 oder weniger,w
Lura,4 oder weniger,w
Luzia,4 oder weniger,w
Lya,4 oder weniger,w
Lya-Lou,4 oder weniger,w
Lyan,4 oder weniger,w
Lydia,4 oder weniger,w
Lylian,4 oder weniger,w
Lynn,4 oder weniger,w
Lyubov,4 oder weniger,w
Maddalena,4 oder weniger,w
Madeleine,4 oder weniger,w
Madhavi,4 oder weniger,w
Madison,4 oder weniger,w
Madita,4 oder weniger,w
Maditha,4 oder weniger,w
Mae,4 oder weniger,w
Maela,4 oder weniger,w
Maëlys,4 oder weniger,w
Maeve,4 oder weniger,w
Magfira,4 oder weniger,w
Mahalia,4 oder weniger,w
Mahati,4 oder weniger,w
Mahira,4 oder weniger,w
Mahsa,4 oder weniger,w
Mahya,4 oder weniger,w
Maia,4 oder weniger,w
Maiia,4 oder weniger,w
Maike,4 oder weniger,w
Maila,4 oder weniger,w
Mailin,4 oder weniger,w
Maïlys,4 oder weniger,w
Maira,4 oder weniger,w
Maite,4 oder weniger,w
Majla,4 oder weniger,w
Majra,4 oder weniger,w
Majvi,4 oder weniger,w
Malak,4 oder weniger,w
Malarta,4 oder weniger,w
Maleya,4 oder weniger,w
Mali,4 oder weniger,w
Maliah,4 oder weniger,w
Malihé,4 oder weniger,w
Malin,4 oder weniger,w
Maliya,4 oder weniger,w
Maliyah,4 oder weniger,w
Malou-Emilia,4 oder weniger,w
Malu,4 oder weniger,w
Malwine,4 oder weniger,w
Malya,4 oder weniger,w
Maman,4 oder weniger,w
Mame,4 oder weniger,w
Manassa,4 oder weniger,w
Maneeha,4 oder weniger,w
Manha,4 oder weniger,w
Manja,4 oder weniger,w
Manolya,4 oder weniger,w
Manuela,4 oder weniger,w
Mar,4 oder weniger,w
Mara-Seker,4 oder weniger,w
Marah,4 oder weniger,w
Maranatha,4 oder weniger,w
Maraya,4 oder weniger,w
Marcela,4 oder weniger,w
Marcella,4 oder weniger,w
Mareike,4 oder weniger,w
Marelie,4 oder weniger,w
Margareta,4 oder weniger,w
Margarete,4 oder weniger,w
Margarethe,4 oder weniger,w
Margherita,4 oder weniger,w
Margot,4 oder weniger,w
Mari,4 oder weniger,w
Maria-Antonia,4 oder weniger,w
Maria-Emilia,4 oder weniger,w
Maria-Iris,4 oder weniger,w
Maria-Larisa,4 oder weniger,w
Maria-Magdalena,4 oder weniger,w
Marialena,4 oder weniger,w
Mariama,4 oder weniger,w
Mariana,4 oder weniger,w
Marianna,4 oder weniger,w
Marianne,4 oder weniger,w
Maribella,4 oder weniger,w
Marie-Charlotte,4 oder weniger,w
Marie-Sophie,4 oder weniger,w
Mariela,4 oder weniger,w
Mariesofie,4 oder weniger,w
Marietta,4 oder weniger,w
Marigold,4 oder weniger,w
Marija,4 oder weniger,w
Marijela,4 oder weniger,w
Marilena,4 oder weniger,w
Marilie,4 oder weniger,w
Marisa,4 oder weniger,w
Marisol,4 oder weniger,w
Marissa,4 oder weniger,w
Marita,4 oder weniger,w
Mariya,4 oder weniger,w
Markella,4 oder weniger,w
Marlea,4 oder weniger,w
Marleen,4 oder weniger,w
Marlen,4 oder weniger,w
Marlena,4 oder weniger,w
Marley,4 oder weniger,w
Marlie,4 oder weniger,w
Marlies,4 oder weniger,w
Marlis,4 oder weniger,w
Marlou,4 oder weniger,w
Marly,4 oder weniger,w
Marwa,4 oder weniger,w
Mary,4 oder weniger,w
Marya,4 oder weniger,w
Maša,4 oder weniger,w
Masal,4 oder weniger,w
Masha,4 oder weniger,w
Masooma,4 oder weniger,w
Matea,4 oder weniger,w
Mateja,4 oder weniger,w
Mathea,4 oder weniger,w
Mathilde,4 oder weniger,w
Matija,4 oder weniger,w
Matilde,4 oder weniger,w
Mattea,4 oder weniger,w
Maty-Ndeye,4 oder weniger,w
Mavi,4 oder weniger,w
Maxi,4 oder weniger,w
Maxie,4 oder weniger,w
Maxima,4 oder weniger,w
Maximilia,4 oder weniger,w
Maxine,4 oder weniger,w
Maya-Christina,4 oder weniger,w
Mayada,4 oder weniger,w
Mayar,4 oder weniger,w
Maylina,4 oder weniger,w
Maylis,4 oder weniger,w
Mayra,4 oder weniger,w
Mayrella,4 oder weniger,w
Mayumi,4 oder weniger,w
Medea,4 oder weniger,w
Meera,4 oder weniger,w
Megan-Rose,4 oder weniger,w
Mehar,4 oder weniger,w
Meher,4 oder weniger,w
Mei,4 oder weniger,w
Melania,4 oder weniger,w
Melanie,4 oder weniger,w
Melek,4 oder weniger,w
Melia,4 oder weniger,w
Meliah,4 oder weniger,w
Melin,4 oder weniger,w
Melinda,4 oder weniger,w
Melis,4 oder weniger,w
Melisa,4 oder weniger,w
Melisha,4 oder weniger,w
Mella,4 oder weniger,w
Melodi,4 oder weniger,w
Melody,4 oder weniger,w
Melonie,4 oder weniger,w
Melorin,4 oder weniger,w
Mena,4 oder weniger,w
Menessa,4 oder weniger,w
Mengxi,4 oder weniger,w
Mercy,4 oder weniger,w
Meret,4 oder weniger,w
Merita,4 oder weniger,w
Merjem,4 oder weniger,w
Meryam,4 oder weniger,w
Metchawit,4 oder weniger,w
Meva,4 oder weniger,w
Mia-Isabella,4 oder weniger,w
Mia-Marija,4 oder weniger,w
Mia-Sophie,4 oder weniger,w
Mica,4 oder weniger,w
Micah,4 oder weniger,w
Michaela,4 oder weniger,w
Michelle,4 oder weniger,w
Mieke,4 oder weniger,w
Mija,4 oder weniger,w
Mika,4 oder weniger,w
Mila-Linh,4 oder weniger,w
Milana,4 oder weniger,w
Milay,4 oder weniger,w
Milea,4 oder weniger,w
Milica,4 oder weniger,w
Milie,4 oder weniger,w
Millie,4 oder weniger,w
Milou,4 oder weniger,w
Miloū,4 oder weniger,w
Mimi,4 oder weniger,w
Minah,4 oder weniger,w
Mine,4 oder weniger,w
Minea,4 oder weniger,w
Minela,4 oder weniger,w
Minerva,4 oder weniger,w
Minh,4 oder weniger,w
Minna,4 oder weniger,w
Minoo,4 oder weniger,w
Minsa,4 oder weniger,w
Minu,4 oder weniger,w
Mirabel,4 oder weniger,w
Mirabella,4 oder weniger,w
Miracle,4 oder weniger,w
Miraya,4 oder weniger,w
Mirela-Ioana,4 oder weniger,w
Mireya,4 oder weniger,w
Mirna,4 oder weniger,w
Miruna,4 oder weniger,w
Mirva,4 oder weniger,w
Mislina,4 oder weniger,w
Mithra,4 oder weniger,w
Miyuka,4 oder weniger,w
Mjalta,4 oder weniger,w
Moana,4 oder weniger,w
Mohadisa,4 oder weniger,w
Mohra,4 oder weniger,w
Momo,4 oder weniger,w
Momoka,4 oder weniger,w
Monica,4 oder weniger,w
Monika,4 oder weniger,w
Morena,4 oder weniger,w
Motasha,4 oder weniger,w
Mukisa,4 oder weniger,w
Mulan,4 oder weniger,w
Mumtas,4 oder weniger,w
Muna,4 oder weniger,w
Munachimso,4 oder weniger,w
Munaya,4 oder weniger,w
Munira,4 oder weniger,w
Murael,4 oder weniger,w
Muraela,4 oder weniger,w
Mushtaq,4 oder weniger,w
Muwada,4 oder weniger,w
Myla,4 oder weniger,w
Mymunah,4 oder weniger,w
Myra,4 oder weniger,w
Myroslava,4 oder weniger,w
Naaz,4 oder weniger,w
Nabila,4 oder weniger,w
Nada,4 oder weniger,w
Nadezhda,4 oder weniger,w
Nadia,4 oder weniger,w
Nadina,4 oder weniger,w
Nadine,4 oder weniger,w
Nadirah,4 oder weniger,w
Nadja,4 oder weniger,w
Nadra,4 oder weniger,w
Nadya,4 oder weniger,w
Naemi,4 oder weniger,w
Nahier,4 oder weniger,w
Nahla,4 oder weniger,w
Naida,4 oder weniger,w
Naike,4 oder weniger,w
Naila,4 oder weniger,w
Naïma,4 oder weniger,w
Naira,4 oder weniger,w
Nala,4 oder weniger,w
Nalah,4 oder weniger,w
Nalia,4 oder weniger,w
Nalin,4 oder weniger,w
Nandin,4 oder weniger,w
Naomi-Maria,4 oder weniger,w
Nara,4 oder weniger,w
Narah,4 oder weniger,w
Nargis,4 oder weniger,w
Narin,4 oder weniger,w
Natali,4 oder weniger,w
Natalia-Ioana,4 oder weniger,w
Natalie,4 oder weniger,w
Natalija,4 oder weniger,w
Natascha,4 oder weniger,w
Nathalie,4 oder weniger,w
Nava,4 oder weniger,w
Nawal,4 oder weniger,w
Nayeli,4 oder weniger,w
Nayra,4 oder weniger,w
Nazli,4 oder weniger,w
Nea,4 oder weniger,w
Neda,4 oder weniger,w
Neerja,4 oder weniger,w
Neha,4 oder weniger,w
Nehir,4 oder weniger,w
Nejla,4 oder weniger,w
Nejra,4 oder weniger,w
Nektaria,4 oder weniger,w
Nel,4 oder weniger,w
Nell,4 oder weniger,w
Nelly,4 oder weniger,w
Nermin,4 oder weniger,w
Neva,4 oder weniger,w
Ngoc,4 oder weniger,w
Nhật,4 oder weniger,w
Niaa,4 oder weniger,w
Nica,4 oder weniger,w
Nicola,4 oder weniger,w
Nicole,4 oder weniger,w
Nieke,4 oder weniger,w
Nieves,4 oder weniger,w
Nihal,4 oder weniger,w
Nike,4 oder weniger,w
Nikol,4 oder weniger,w
Nikoleta,4 oder weniger,w
Nikolina,4 oder weniger,w
Nil,4 oder weniger,w
Nila,4 oder weniger,w
Nilam,4 oder weniger,w
Nili,4 oder weniger,w
Nima,4 oder weniger,w
Nino,4 oder weniger,w
Nirvi,4 oder weniger,w
Nisah,4 oder weniger,w
Nitya,4 oder weniger,w
Niya,4 oder weniger,w
Niyah,4 oder weniger,w
Nmadiya,4 oder weniger,w
Noela,4 oder weniger,w
Noelia,4 oder weniger,w
Noha,4 oder weniger,w
Nola,4 oder weniger,w
Noomi,4 oder weniger,w
Noor,4 oder weniger,w
Noora,4 oder weniger,w
Norah,4 oder weniger,w
Nori,4 oder weniger,w
Nour,4 oder weniger,w
Noya,4 oder weniger,w
Nura,4 oder weniger,w
Nuria,4 oder weniger,w
Nyke,4 oder weniger,w
Nynke,4 oder weniger,w
Nyra,4 oder weniger,w
Octavia,4 oder weniger,w
Odeta,4 oder weniger,w
Ohorshi,4 oder weniger,w
Ola,4 oder weniger,w
Oleksandra,4 oder weniger,w
Olimpia,4 oder weniger,w
Oliwia,4 oder weniger,w
Ömrüm,4 oder weniger,w
Ophelia,4 oder weniger,w
Orela,4 oder weniger,w
Oriella,4 oder weniger,w
Orla,4 oder weniger,w
Oslin,4 oder weniger,w
Özlem,4 oder weniger,w
Panagiota,4 oder weniger,w
Paniz,4 oder weniger,w
Paola,4 oder weniger,w
Parwa,4 oder weniger,w
Pel,4 oder weniger,w
Pela,4 oder weniger,w
Pelin,4 oder weniger,w
Pema,4 oder weniger,w
Penelope,4 oder weniger,w
Penka,4 oder weniger,w
Pera,4 oder weniger,w
Perhan,4 oder weniger,w
Perwin,4 oder weniger,w
Petra,4 oder weniger,w
Pham,4 oder weniger,w
Phelina,4 oder weniger,w
Pheline,4 oder weniger,w
Philia,4 oder weniger,w
Philina,4 oder weniger,w
Philine,4 oder weniger,w
Phoebe,4 oder weniger,w
Pilar,4 oder weniger,w
Pola,4 oder weniger,w
Polina,4 oder weniger,w
Politimi,4 oder weniger,w
Polly,4 oder weniger,w
Pragya,4 oder weniger,w
Prisha,4 oder weniger,w
Purity,4 oder weniger,w
Quinn-Christine,4 oder weniger,w
Rafaela,4 oder weniger,w
Rafaella,4 oder weniger,w
Rafailia,4 oder weniger,w
Raffaela,4 oder weniger,w
Rahel,4 oder weniger,w
Rahele,4 oder weniger,w
Rahila,4 oder weniger,w
Rahima,4 oder weniger,w
Rahma,4 oder weniger,w
Rahmat,4 oder weniger,w
Rahmet,4 oder weniger,w
Raiana,4 oder weniger,w
Raissa,4 oder weniger,w
Rajja,4 oder weniger,w
Rajna,4 oder weniger,w
Rama,4 oder weniger,w
Ramela,4 oder weniger,w
Ramona,4 oder weniger,w
Rana,4 oder weniger,w
Rania,4 oder weniger,w
Ranim,4 oder weniger,w
Ranya,4 oder weniger,w
Raouda,4 oder weniger,w
Raphaela,4 oder weniger,w
Ravesa,4 oder weniger,w
Ravza,4 oder weniger,w
Raya,4 oder weniger,w
Rea,4 oder weniger,w
Rebecca,4 oder weniger,w
Rebeka,4 oder weniger,w
Rebekka,4 oder weniger,w
Reemas,4 oder weniger,w
Reena,4 oder weniger,w
Reina,4 oder weniger,w
Rejana,4 oder weniger,w
Rejjan,4 oder weniger,w
Relam,4 oder weniger,w
Relian,4 oder weniger,w
Reona,4 oder weniger,w
Reyyan,4 oder weniger,w
Rhea,4 oder weniger,w
Riana,4 oder weniger,w
Riddhi,4 oder weniger,w
Rima,4 oder weniger,w
Rimma,4 oder weniger,w
Riola,4 oder weniger,w
Riti,4 oder weniger,w
Rivisaa,4 oder weniger,w
Riwana,4 oder weniger,w
Roana,4 oder weniger,w
Roberta,4 oder weniger,w
Roela,4 oder weniger,w
Rofaida,4 oder weniger,w
Rohey,4 oder weniger,w
Roja,4 oder weniger,w
Rojda,4 oder weniger,w
Rokia,4 oder weniger,w
Romaissa,4 oder weniger,w
Romi,4 oder weniger,w
Romie,4 oder weniger,w
Romina,4 oder weniger,w
Rosalia,4 oder weniger,w
Rose,4 oder weniger,w
Rosemarie,4 oder weniger,w
Rosina,4 oder weniger,w
Rositsa,4 oder weniger,w
Rosmarie,4 oder weniger,w
Roua,4 oder weniger,w
Roxana,4 oder weniger,w
Roya,4 oder weniger,w
Rubie,4 oder weniger,w
Rubina,4 oder weniger,w
Ruhani,4 oder weniger,w
Rukajja,4 oder weniger,w
Rukan,4 oder weniger,w
Rukaya,4 oder weniger,w
Rumeysa,4 oder weniger,w
Rumi,4 oder weniger,w
Runa,4 oder weniger,w
Ruth,4 oder weniger,w
Ruwayda,4 oder weniger,w
Ruxandra-Maria,4 oder weniger,w
Rüya,4 oder weniger,w
Saachi,4 oder weniger,w
Saanvika,4 oder weniger,w
Sabina,4 oder weniger,w
Sabine,4 oder weniger,w
Saboor,4 oder weniger,w
Sabrin,4 oder weniger,w
Sabrina,4 oder weniger,w
Sade,4 oder weniger,w
Sadra,4 oder weniger,w
Sae,4 oder weniger,w
Safa,4 oder weniger,w
Safia,4 oder weniger,w
Safiya,4 oder weniger,w
Safiye,4 oder weniger,w
Safiyyah,4 oder weniger,w
Sagal,4 oder weniger,w
Sahar,4 oder weniger,w
Sahra,4 oder weniger,w
Saida,4 oder weniger,w
Sajra,4 oder weniger,w
Sakina,4 oder weniger,w
Saliha,4 oder weniger,w
Salina,4 oder weniger,w
Salma,4 oder weniger,w
Salome,4 oder weniger,w
Salwa,4 oder weniger,w
Sama,4 oder weniger,w
Sami,4 oder weniger,w
Samira,4 oder weniger,w
Samira-Alexia,4 oder weniger,w
Samsam,4 oder weniger,w
Sana,4 oder weniger,w
Sandi,4 oder weniger,w
Sanmayi,4 oder weniger,w
Sanvika,4 oder weniger,w
Sara-Marie,4 oder weniger,w
Saratu,4 oder weniger,w
Sare,4 oder weniger,w
Sarra,4 oder weniger,w
Sasha,4 oder weniger,w
Sashtika,4 oder weniger,w
Sati,4 oder weniger,w
Sava,4 oder weniger,w
Saya,4 oder weniger,w
Schiphra,4 oder weniger,w
Sedef,4 oder weniger,w
Sedrat,4 oder weniger,w
Sefora,4 oder weniger,w
Sefya,4 oder weniger,w
Selena,4 oder weniger,w
Selia,4 oder weniger,w
Selina-Maria,4 oder weniger,w
Selvana,4 oder weniger,w
Sema,4 oder weniger,w
Sena,4 oder weniger,w
Senta,4 oder weniger,w
Serafina,4 oder weniger,w
Serafine,4 oder weniger,w
Serce,4 oder weniger,w
Serena,4 oder weniger,w
Serin,4 oder weniger,w
Serra,4 oder weniger,w
Setayesch,4 oder weniger,w
Setaysh,4 oder weniger,w
Sevde,4 oder weniger,w
Sevina,4 oder weniger,w
Shaili,4 oder weniger,w
Shams,4 oder weniger,w
Sharleen,4 oder weniger,w
Sharleez,4 oder weniger,w
Sharleny,4 oder weniger,w
Sharon,4 oder weniger,w
Shayen,4 oder weniger,w
Shena,4 oder weniger,w
Shirin,4 oder weniger,w
Shivanya,4 oder weniger,w
Shrinika,4 oder weniger,w
Shukrona,4 oder weniger,w
Shunaisly,4 oder weniger,w
Sia,4 oder weniger,w
Siara,4 oder weniger,w
Sibella,4 oder weniger,w
Sibyl,4 oder weniger,w
Sidra,4 oder weniger,w
Siena,4 oder weniger,w
Sienna,4 oder weniger,w
Sila,4 oder weniger,w
Silvia,4 oder weniger,w
Simeona,4 oder weniger,w
Simona,4 oder weniger,w
Sina,4 oder weniger,w
Sisi,4 oder weniger,w
Sissi,4 oder weniger,w
Skadi,4 oder weniger,w
Skyla,4 oder weniger,w
Skylar,4 oder weniger,w
Slavka,4 oder weniger,w
Slwana,4 oder weniger,w
Smaragda,4 oder weniger,w
Sofía,4 oder weniger,w
Sofia-Angelina,4 oder weniger,w
Sofia-Izabella,4 oder weniger,w
Sofie,4 oder weniger,w
Sofiia,4 oder weniger,w
Sol,4 oder weniger,w
Solea,4 oder weniger,w
Soley,4 oder weniger,w
Sóley,4 oder weniger,w
Soleya,4 oder weniger,w
Solice,4 oder weniger,w
Solikha,4 oder weniger,w
Solin,4 oder weniger,w
Solomia,4 oder weniger,w
Sonia,4 oder weniger,w
Sonja,4 oder weniger,w
Sonya,4 oder weniger,w
Sophye,4 oder weniger,w
Sora,4 oder weniger,w
Soraya-Marie,4 oder weniger,w
Sozda,4 oder weniger,w
Spandan,4 oder weniger,w
Spruha,4 oder weniger,w
Srinika,4 oder weniger,w
Stefani,4 oder weniger,w
Stefania,4 oder weniger,w
Stefanie,4 oder weniger,w
Stefka,4 oder weniger,w
Stephanie,4 oder weniger,w
Stine,4 oder weniger,w
Stotra,4 oder weniger,w
Stuthi,4 oder weniger,w
Stuti,4 oder weniger,w
Suhita,4 oder weniger,w
Sumaya,4 oder weniger,w
Sumeja,4 oder weniger,w
Sümeyye,4 oder weniger,w
Sundus,4 oder weniger,w
Sunny,4 oder weniger,w
Sura,4 oder weniger,w
Surah,4 oder weniger,w
Sureja,4 oder weniger,w
Suria,4 oder weniger,w
Susa,4 oder weniger,w
Susanna,4 oder weniger,w
Susanne,4 oder weniger,w
Svea,4 oder weniger,w
Svenia,4 oder weniger,w
Taha,4 oder weniger,w
Tahira,4 oder weniger,w
Taisia,4 oder weniger,w
Tajra,4 oder weniger,w
Talitha,4 oder weniger,w
Taliyah,4 oder weniger,w
Tallulah,4 oder weniger,w
Tamara,4 oder weniger,w
Tanishka,4 oder weniger,w
Tao,4 oder weniger,w
Taqwa,4 oder weniger,w
Tarangini,4 oder weniger,w
Tarawat,4 oder weniger,w
Tatjana,4 oder weniger,w
Tatyana,4 oder weniger,w
Tea,4 oder weniger,w
Teana,4 oder weniger,w
Tenchoe,4 oder weniger,w
Teodora-Elisabeta,4 oder weniger,w
Teona,4 oder weniger,w
Teresa,4 oder weniger,w
Terézia,4 oder weniger,w
Tessa,4 oder weniger,w
Thalea,4 oder weniger,w
Thaleia,4 oder weniger,w
Thalia,4 oder weniger,w
Tharunika,4 oder weniger,w
Theodora,4 oder weniger,w
Therese,4 oder weniger,w
Theresia,4 oder weniger,w
Tia,4 oder weniger,w
Tiaraoluwa,4 oder weniger,w
Tilli,4 oder weniger,w
Tillie,4 oder weniger,w
Timea,4 oder weniger,w
Tina,4 oder weniger,w
Tinka,4 oder weniger,w
Tirana,4 oder weniger,w
Tirza,4 oder weniger,w
Tochi,4 oder weniger,w
Toja,4 oder weniger,w
Tomoe,4 oder weniger,w
Toni,4 oder weniger,w
Torvi,4 oder weniger,w
Tosca,4 oder weniger,w
Tove,4 oder weniger,w
Triana,4 oder weniger,w
Triantafyllia,4 oder weniger,w
Tringa,4 oder weniger,w
Trishika,4 oder weniger,w
Triza,4 oder weniger,w
Tselmeg,4 oder weniger,w
Tuệ,4 oder weniger,w
Tuana,4 oder weniger,w
Tuba,4 oder weniger,w
Tulin,4 oder weniger,w
Tuuli,4 oder weniger,w
Ukti,4 oder weniger,w
Ülkü,4 oder weniger,w
Uma,4 oder weniger,w
Umaymah,4 oder weniger,w
Umayrah,4 oder weniger,w
Umeja,4 oder weniger,w
Umma,4 oder weniger,w
Uriela,4 oder weniger,w
Vaani,4 oder weniger,w
Valea,4 oder weniger,w
Valery,4 oder weniger,w
Vanessa,4 oder weniger,w
Vanshika,4 oder weniger,w
Varin,4 oder weniger,w
Varwara,4 oder weniger,w
Vasilija,4 oder weniger,w
Vasiliki,4 oder weniger,w
Vasiliki-Lili,4 oder weniger,w
Vasilisa,4 oder weniger,w
Vega,4 oder weniger,w
Venera,4 oder weniger,w
Veneta,4 oder weniger,w
Venus,4 oder weniger,w
Verena,4 oder weniger,w
Verity,4 oder weniger,w
Veronica,4 oder weniger,w
Veronika,4 oder weniger,w
Veronika-Maria,4 oder weniger,w
Vesna,4 oder weniger,w
Vicotria,4 oder weniger,w
Victoria-Sophie,4 oder weniger,w
Vida,4 oder weniger,w
Viha,4 oder weniger,w
Viktorija,4 oder weniger,w
Vinda,4 oder weniger,w
Violeta,4 oder weniger,w
Violetta,4 oder weniger,w
Virginia,4 oder weniger,w
Vittoria,4 oder weniger,w
Viva,4 oder weniger,w
Vivian,4 oder weniger,w
Viviana,4 oder weniger,w
Vivienne,4 oder weniger,w
Viya,4 oder weniger,w
Vjollca,4 oder weniger,w
Walaa,4 oder weniger,w
Wanda,4 oder weniger,w
Wania,4 oder weniger,w
Wateen,4 oder weniger,w
Welwitschia,4 oder weniger,w
Weronika,4 oder weniger,w
Wiedi,4 oder weniger,w
Wiktoria,4 oder weniger,w
Wilhelmine,4 oder weniger,w
Wilma,4 oder weniger,w
Winifred,4 oder weniger,w
Winnie,4 oder weniger,w
Wolke,4 oder weniger,w
Wyam,4 oder weniger,w
Xhezide,4 oder weniger,w
Xiana,4 oder weniger,w
Yade,4 oder weniger,w
Yael,4 oder weniger,w
Yağmur,4 oder weniger,w
Yagnasri,4 oder weniger,w
Yali,4 oder weniger,w
Yalini,4 oder weniger,w
Yanina,4 oder weniger,w
Yanitsa,4 oder weniger,w
Yaren,4 oder weniger,w
Yasamin,4 oder weniger,w
Yasemin,4 oder weniger,w
Yasmina,4 oder weniger,w
Yasna,4 oder weniger,w
Yazhini,4 oder weniger,w
Yelda,4 oder weniger,w
Yeva,4 oder weniger,w
Yeya,4 oder weniger,w
Yilin,4 oder weniger,w
Yllka,4 oder weniger,w
Ylva,4 oder weniger,w
Ylvi,4 oder weniger,w
Ylvie,4 oder weniger,w
Yoana,4 oder weniger,w
Yoran,4 oder weniger,w
Yosr,4 oder weniger,w
Youji,4 oder weniger,w
Yu-Na,4 oder weniger,w
Yuki,4 oder weniger,w
Yukiha,4 oder weniger,w
Yuli,4 oder weniger,w
Yumna,4 oder weniger,w
Yuqin,4 oder weniger,w
Yusra,4 oder weniger,w
Zafina,4 oder weniger,w
Zafiya,4 oder weniger,w
Zahida,4 oder weniger,w
Zahira,4 oder weniger,w
Zahra,4 oder weniger,w
Zaina,4 oder weniger,w
Zamfira-Nadejda,4 oder weniger,w
Zara,4 oder weniger,w
Zaya,4 oder weniger,w
Zayla,4 oder weniger,w
Zaynab,4 oder weniger,w
Zehra,4 oder weniger,w
Zelal,4 oder weniger,w
Zelda,4 oder weniger,w
Zenab,4 oder weniger,w
Zenap,4 oder weniger,w
Zhaklin,4 oder weniger,w
Zhuri,4 oder weniger,w
Ziana,4 oder weniger,w
Zilin,4 oder weniger,w
Zimal,4 oder weniger,w
Zinat,4 oder weniger,w
Zita-Sophia,4 oder weniger,w
Zlatoslava,4 oder weniger,w
Zoë,4 oder weniger,w
Zoey,4 oder weniger,w
Zofia,4 oder weniger,w
Zoi,4 oder weniger,w
Zoya,4 oder weniger,w
Zsófia,4 oder weniger,w
Zuhaira,4 oder weniger,w
Zümra,4 oder weniger,w
Zuri,4 oder weniger,w
Zuria,4 oder weniger,w
Zuzanna,4 oder weniger,w
Maximilian,104,m
Anton,101,m
Emil,90,m
Felix,88,m
Jonas,88,m
Lukas,83,m
Leon,81,m
Noah,76,m
Paul,72,m
Moritz,71,m
Jakob,64,m
Luca,64,m
Elias,63,m
Samuel,63,m
Valentin,63,m
Julian,62,m
Ludwig,62,m
Alexander,61,m
David,61,m
Levi,59,m
Leo,57,m
Liam,55,m
Luis,55,m
Louis,54,m
Oskar,53,m
Theo,48,m
Vincent,48,m
Leopold,47,m
Luka,47,m
Adam,43,m
Benjamin,42,m
Jonathan,42,m
Mateo,41,m
Theodor,41,m
Matteo,40,m
Finn,38,m
Ferdinand,37,m
Gabriel,36,m
Ben,35,m
Henry,35,m
Leonard,34,m
Linus,34,m
Jonah,33,m
Kilian,31,m
Toni,30,m
Daniel,29,m
Konstantin,29,m
Simon,29,m
Julius,28,m
Milo,28,m
Raphael,28,m
Max,27,m
Adrian,26,m
Sebastian,26,m
Jona,25,m
Niklas,25,m
Oliver,25,m
Karl,24,m
Leonardo,24,m
Benedikt,23,m
Milan,23,m
Carlo,21,m
Emilio,21,m
Hamza,21,m
Malik,21,m
Rafael,21,m
Tim,21,m
Bruno,20,m
Johann,20,m
Lorenz,20,m
Nicolas,20,m
Philipp,20,m
Carl,19,m
Johannes,19,m
Lian,19,m
Filip,18,m
Franz,18,m
Henri,18,m
Lio,18,m
Maxim,18,m
Mika,18,m
Erik,17,m
Lucas,17,m
Oscar,17,m
Amir,16,m
Arthur,16,m
Frederik,16,m
Jan,16,m
Kian,16,m
Leander,16,m
Miran,16,m
Robin,16,m
Tom,16,m
Aaron,15,m
Arian,15,m
August,15,m
Constantin,15,m
Emilian,15,m
Fabian,15,m
Ilyas,15,m
Mohammad,15,m
Ali,14,m
Antonio,14,m
Gustav,14,m
Michael,14,m
Muhammad,14,m
Noel,14,m
Thomas,14,m
Xaver,14,m
Diego,13,m
Dominik,13,m
Emir,13,m
Josef,13,m
Joshua,13,m
Quirin,13,m
Timo,13,m
Aras,12,m
Aron,12,m
Caspar,12,m
Charlie,12,m
Mats,12,m
Nico,12,m
Nino,12,m
Victor,12,m
Viktor,12,m
Ayaz,11,m
Elian,11,m
Fritz,11,m
Hannes,11,m
Hugo,11,m
Kaan,11,m
Leonhard,11,m
Mert,11,m
Neo,11,m
Nikolas,11,m
Pablo,11,m
Rayan,11,m
William,11,m
Zayn,11,m
Adin,10,m
Amar,10,m
Armin,10,m
Jannis,10,m
Korbinian,10,m
Levin,10,m
Marlon,10,m
Martin,10,m
Matthias,10,m
Mattis,10,m
Musa,10,m
Sam,10,m
Stefan,10,m
Yasin,10,m
Yusuf,10,m
Benno,9,m
Deniz,9,m
Ibrahim,9,m
Isa,9,m
Ivan,9,m
Jacob,9,m
Janosch,9,m
Laurin,9,m
Manuel,9,m
Mark,9,m
Marko,9,m
Mohamed,9,m
Omar,9,m
Tobias,9,m
Andreas,8,m
Aren,8,m
Aris,8,m
Damian,8,m
Elio,8,m
Elyas,8,m
Florian,8,m
Georgios,8,m
Kai,8,m
Lars,8,m
Leonidas,8,m
Lion,8,m
Lionel,8,m
Mustafa,8,m
Nikola,8,m
Noar,8,m
Otto,8,m
Richard,8,m
Thilo,8,m
Valentino,8,m
Achilleas,7,m
Aleksandar,7,m
Aslan,7,m
Augustin,7,m
Can,7,m
Clemens,7,m
Daris,7,m
Davud,7,m
Edis,7,m
Elia,7,m
Friedrich,7,m
Fynn,7,m
Jannik,7,m
John,7,m
Karlo,7,m
Konstantinos,7,m
Leandro,7,m
Lennard,7,m
Luke,7,m
Matti,7,m
Mohammed,7,m
Niko,7,m
Rio,7,m
Ruben,7,m
Vito,7,m
Aggelos,6,m
Alessandro,6,m
Alessio,6,m
Anas,6,m
Andrej,6,m
Ari,6,m
Bastian,6,m
Christian,6,m
Dejan,6,m
Emin,6,m
Enzo,6,m
Fabio,6,m
Georg,6,m
Harun,6,m
Ilias,6,m
Jakub,6,m
Jasper,6,m
Jovan,6,m
Kenan,6,m
Lasse,6,m
Lino,6,m
Lorenzo,6,m
Loris,6,m
Luan,6,m
Mads,6,m
Maksim,6,m
Matheo,6,m
Noa,6,m
Ömer,6,m
Sami,6,m
Teodor,6,m
Tian,6,m
Titus,6,m
Vinzent,6,m
Youssef,6,m
Zeno,6,m
Ahmad,5,m
Aiden,5,m
Alois,5,m
Carlos,5,m
Danilo,5,m
Darius,5,m
Denis,5,m
Dion,5,m
Dorian,5,m
Emran,5,m
Gregor,5,m
Henrik,5,m
Imran,5,m
Ioannis,5,m
Isaac,5,m
Jakov,5,m
Jaron,5,m
Joel,5,m
Kaspar,5,m
Kevin,5,m
Laurenz,5,m
Leano,5,m
Lev,5,m
Marcel,5,m
Marco,5,m
Marlo,5,m
Mattia,5,m
Miguel,5,m
Mio,5,m
Nael,5,m
Nelio,5,m
Nikolaos,5,m
Nils,5,m
Patrick,5,m
Petar,5,m
Poyraz,5,m
Roman,5,m
Romeo,5,m
Silas,5,m
Thiago,5,m
Vitus,5,m
Yunus,5,m
Aadhidev,4 oder weniger,m
Aadish,4 oder weniger,m
Aadvik,4 oder weniger,m
Aaradhy,4 oder weniger,m
Aarav,4 oder weniger,m
Aaro,4 oder weniger,m
Aaryan,4 oder weniger,m
Aatos,4 oder weniger,m
Aayansh,4 oder weniger,m
Abbas,4 oder weniger,m
Abd,4 oder weniger,m
Abdelhadi,4 oder weniger,m
Abdirahman,4 oder weniger,m
Abdirauf,4 oder weniger,m
Abdiwaduud,4 oder weniger,m
Abdou-Malikh,4 oder weniger,m
Abdoul,4 oder weniger,m
Abdoul-Khabir,4 oder weniger,m
Abdul,4 oder weniger,m
Abdulai,4 oder weniger,m
Abdulfattah,4 oder weniger,m
Abdulkerim,4 oder weniger,m
Abdullah,4 oder weniger,m
Abdullatif,4 oder weniger,m
Abdulraheem,4 oder weniger,m
Abdulrahman,4 oder weniger,m
Abdurahim,4 oder weniger,m
Abdurrahman,4 oder weniger,m
Abdusalam,4 oder weniger,m
Abe,4 oder weniger,m
Abel,4 oder weniger,m
Abraham,4 oder weniger,m
Achilleus,4 oder weniger,m
Adan,4 oder weniger,m
Adel,4 oder weniger,m
Adem,4 oder weniger,m
Adham,4 oder weniger,m
Adhav,4 oder weniger,m
Adhrit,4 oder weniger,m
Adhrut,4 oder weniger,m
Adhyahsh,4 oder weniger,m
Adi,4 oder weniger,m
Adian,4 oder weniger,m
Adil,4 oder weniger,m
Ador,4 oder weniger,m
Adri,4 oder weniger,m
Adriano,4 oder weniger,m
Adrien,4 oder weniger,m
Adrijan,4 oder weniger,m
Adrijano,4 oder weniger,m
Adrik,4 oder weniger,m
Advaith,4 oder weniger,m
Advan,4 oder weniger,m
Advit,4 oder weniger,m
Adyan,4 oder weniger,m
Agastya,4 oder weniger,m
Agnij,4 oder weniger,m
Agoney,4 oder weniger,m
Ahad,4 oder weniger,m
Ahil,4 oder weniger,m
Ahmadshah,4 oder weniger,m
Ahmed,4 oder weniger,m
Ahmet,4 oder weniger,m
Ahzab,4 oder weniger,m
Aiman,4 oder weniger,m
Aimen,4 oder weniger,m
Aimo,4 oder weniger,m
Ajan,4 oder weniger,m
Ajas,4 oder weniger,m
Ajaweed,4 oder weniger,m
Ajni,4 oder weniger,m
Ajnur,4 oder weniger,m
Akar,4 oder weniger,m
Akaran,4 oder weniger,m
Akif,4 oder weniger,m
Akil,4 oder weniger,m
Akim,4 oder weniger,m
Akmal,4 oder weniger,m
Alain,4 oder weniger,m
Alan,4 oder weniger,m
Albert,4 oder weniger,m
Alberto,4 oder weniger,m
Albrecht,4 oder weniger,m
Albrim,4 oder weniger,m
Aldjon,4 oder weniger,m
Aldo,4 oder weniger,m
Alec,4 oder weniger,m
Alehsan,4 oder weniger,m
Alejandro,4 oder weniger,m
Aleksa,4 oder weniger,m
Aleksander,4 oder weniger,m
Aleksandr,4 oder weniger,m
Aleksandre,4 oder weniger,m
Aleksandros,4 oder weniger,m
Aleksei,4 oder weniger,m
Aleksej,4 oder weniger,m
Aleksi,4 oder weniger,m
Alem,4 oder weniger,m
Alen,4 oder weniger,m
Alex,4 oder weniger,m
Alexander-Matei,4 oder weniger,m
Alexandro,4 oder weniger,m
Alexandros,4 oder weniger,m
Alexandros-Paisios,4 oder weniger,m
Alexei,4 oder weniger,m
Alexios,4 oder weniger,m
Alexis,4 oder weniger,m
Alfonso,4 oder weniger,m
Alfred,4 oder weniger,m
Alfredo,4 oder weniger,m
Ali-Muntazir,4 oder weniger,m
Alican,4 oder weniger,m
Alim,4 oder weniger,m
Alion,4 oder weniger,m
Alioune,4 oder weniger,m
Alireza,4 oder weniger,m
Alisher,4 oder weniger,m
Aljosha,4 oder weniger,m
Alkiviadis,4 oder weniger,m
Allen,4 oder weniger,m
Alma,4 oder weniger,m
Almin,4 oder weniger,m
Aloniab,4 oder weniger,m
Alp,4 oder weniger,m
Alparslan,4 oder weniger,m
Alperen,4 oder weniger,m
Altay,4 oder weniger,m
Alusine,4 oder weniger,m
Alvan,4 oder weniger,m
Alvar,4 oder weniger,m
Alvaro,4 oder weniger,m
Álvaro,4 oder weniger,m
Alyan,4 oder weniger,m
Amaro,4 oder weniger,m
Amaru,4 oder weniger,m
Amed,4 oder weniger,m
Amel,4 oder weniger,m
Amelia,4 oder weniger,m
Amen,4 oder weniger,m
Amier,4 oder weniger,m
Amiir,4 oder weniger,m
Amin,4 oder weniger,m
Amirhosain,4 oder weniger,m
Amjad,4 oder weniger,m
Ammar,4 oder weniger,m
Amod,4 oder weniger,m
Amon,4 oder weniger,m
Amor,4 oder weniger,m
Amos,4 oder weniger,m
Amunsaikhan,4 oder weniger,m
Anaël,4 oder weniger,m
Anastasios,4 oder weniger,m
Anatol,4 oder weniger,m
Anaze,4 oder weniger,m
Anda,4 oder weniger,m
Andi,4 oder weniger,m
Andjelo,4 oder weniger,m
Andoni,4 oder weniger,m
André,4 oder weniger,m
Andrea,4 oder weniger,m
Andrei,4 oder weniger,m
Andres,4 oder weniger,m
Andrés,4 oder weniger,m
Andrey,4 oder weniger,m
Andrin,4 oder weniger,m
Anduin,4 oder weniger,m
Andy,4 oder weniger,m
Andy-Stefan,4 oder weniger,m
Anes,4 oder weniger,m
Angad,4 oder weniger,m
Angel,4 oder weniger,m
Angelo,4 oder weniger,m
Anian,4 oder weniger,m
Anid,4 oder weniger,m
Anik,4 oder weniger,m
Anil,4 oder weniger,m
Anoush,4 oder weniger,m
Ansh,4 oder weniger,m
Ante,4 oder weniger,m
Anteo,4 oder weniger,m
Anthony,4 oder weniger,m
Anto,4 oder weniger,m
Antoan,4 oder weniger,m
Antoine,4 oder weniger,m
Antoni,4 oder weniger,m
Antonio-Lucas,4 oder weniger,m
Antonios,4 oder weniger,m
Antonius,4 oder weniger,m
Antu,4 oder weniger,m
Anuar,4 oder weniger,m
Anur,4 oder weniger,m
Apostolos,4 oder weniger,m
Aram,4 oder weniger,m
Aran,4 oder weniger,m
Araz,4 oder weniger,m
Arbor,4 oder weniger,m
Arda,4 oder weniger,m
Ardauan,4 oder weniger,m
Ardet,4 oder weniger,m
Ardi,4 oder weniger,m
Ardian,4 oder weniger,m
Areg,4 oder weniger,m
Aridon,4 oder weniger,m
Ariel,4 oder weniger,m
Arif,4 oder weniger,m
Arijan,4 oder weniger,m
Arijon,4 oder weniger,m
Ario,4 oder weniger,m
Arion,4 oder weniger,m
Aristarchos,4 oder weniger,m
Aristeides,4 oder weniger,m
Aristotelis,4 oder weniger,m
Arius,4 oder weniger,m
Arjun,4 oder weniger,m
Arlo,4 oder weniger,m
Arman,4 oder weniger,m
Armando,4 oder weniger,m
Armel,4 oder weniger,m
Arminius,4 oder weniger,m
Arnas,4 oder weniger,m
Arne,4 oder weniger,m
Arno,4 oder weniger,m
Áron,4 oder weniger,m
Arsalan,4 oder weniger,m
Artemii,4 oder weniger,m
Arti,4 oder weniger,m
Artin,4 oder weniger,m
Arto,4 oder weniger,m
Artur,4 oder weniger,m
Artúr,4 oder weniger,m
Arush,4 oder weniger,m
Arved,4 oder weniger,m
Arwin,4 oder weniger,m
Ary,4 oder weniger,m
Aryan,4 oder weniger,m
Asahd,4 oder weniger,m
Asen,4 oder weniger,m
Asher,4 oder weniger,m
Ashkan,4 oder weniger,m
Ashraf,4 oder weniger,m
Asil,4 oder weniger,m
Atakan,4 oder weniger,m
Atanas,4 oder weniger,m
Atanasije,4 oder weniger,m
Athanasios,4 oder weniger,m
Atik,4 oder weniger,m
Atilla,4 oder weniger,m
Atlas,4 oder weniger,m
Atreyu,4 oder weniger,m
Attila,4 oder weniger,m
Auat,4 oder weniger,m
Augustus,4 oder weniger,m
Aurel,4 oder weniger,m
Aurelian,4 oder weniger,m
Aurelio,4 oder weniger,m
Aurélio,4 oder weniger,m
Auron,4 oder weniger,m
Austin,4 oder weniger,m
Avel,4 oder weniger,m
Avi,4 oder weniger,m
Avie,4 oder weniger,m
Avraam,4 oder weniger,m
Avyaan,4 oder weniger,m
Avyan,4 oder weniger,m
Awab,4 oder weniger,m
Awan,4 oder weniger,m
Ayaan,4 oder weniger,m
Ayaansh,4 oder weniger,m
Ayan,4 oder weniger,m
Ayan-Alexandru,4 oder weniger,m
Ayan-Gabriel,4 oder weniger,m
Ayas,4 oder weniger,m
Ayato,4 oder weniger,m
Ayberk,4 oder weniger,m
Aylan,4 oder weniger,m
Ayman,4 oder weniger,m
Ayoub,4 oder weniger,m
Ayub,4 oder weniger,m
Ayuub,4 oder weniger,m
Azahel,4 oder weniger,m
Azer,4 oder weniger,m
Azim,4 oder weniger,m
Babacar,4 oder weniger,m
Bader,4 oder weniger,m
Bahram,4 oder weniger,m
Bai,4 oder weniger,m
Bakir,4 oder weniger,m
Balsa,4 oder weniger,m
Balthazar,4 oder weniger,m
Baqir,4 oder weniger,m
Baran,4 oder weniger,m
Barbaros,4 oder weniger,m
Barez,4 oder weniger,m
Bari,4 oder weniger,m
Barlas,4 oder weniger,m
Barun,4 oder weniger,m
Baschar,4 oder weniger,m
Bashir,4 oder weniger,m
Bastian-Alexe,4 oder weniger,m
Bastien,4 oder weniger,m
Batu,4 oder weniger,m
Baz,4 oder weniger,m
Beat,4 oder weniger,m
Bekar,4 oder weniger,m
Bela,4 oder weniger,m
Béla,4 oder weniger,m
Belend,4 oder weniger,m
Benas,4 oder weniger,m
Bendix,4 oder weniger,m
Bene,4 oder weniger,m
Benedict,4 oder weniger,m
Benett,4 oder weniger,m
Beniamino,4 oder weniger,m
Benjamín,4 oder weniger,m
Benjamin-Attila,4 oder weniger,m
Bennet,4 oder weniger,m
Bento,4 oder weniger,m
Benyamin,4 oder weniger,m
Beppo,4 oder weniger,m
Berat,4 oder weniger,m
Beray,4 oder weniger,m
Berhat,4 oder weniger,m
Berkan,4 oder weniger,m
Berkay,4 oder weniger,m
Bernard,4 oder weniger,m
Bernardo,4 oder weniger,m
Bernhard,4 oder weniger,m
Bernie,4 oder weniger,m
Bertram,4 oder weniger,m
Beytullah,4 oder weniger,m
Bhuvansh,4 oder weniger,m
Bilal,4 oder weniger,m
Bill,4 oder weniger,m
Biner,4 oder weniger,m
Bjarne,4 oder weniger,m
Björn,4 oder weniger,m
Blin,4 oder weniger,m
Blu,4 oder weniger,m
Bo,4 oder weniger,m
Bobby,4 oder weniger,m
Bodhi,4 oder weniger,m
Boğaçhan,4 oder weniger,m
Boris,4 oder weniger,m
Borna,4 oder weniger,m
Bosco,4 oder weniger,m
Boshan,4 oder weniger,m
Boško,4 oder weniger,m
Bosse,4 oder weniger,m
Bowie,4 oder weniger,m
Bradley-Keenan,4 oder weniger,m
Brandon,4 oder weniger,m
Branko,4 oder weniger,m
Bray,4 oder weniger,m
Brayan,4 oder weniger,m
Brijan,4 oder weniger,m
Bru,4 oder weniger,m
Brunon,4 oder weniger,m
Brusk,4 oder weniger,m
Buğra,4 oder weniger,m
Bugra,4 oder weniger,m
Bünyamin,4 oder weniger,m
Burak,4 oder weniger,m
Caio,4 oder weniger,m
Cajetan,4 oder weniger,m
Caleb,4 oder weniger,m
Calinic,4 oder weniger,m
Camillo,4 oder weniger,m
Camilo,4 oder weniger,m
Can-Luca,4 oder weniger,m
Carl-Christopher,4 oder weniger,m
Carl-Felix,4 oder weniger,m
Carl-Henri,4 oder weniger,m
Carl-Jacob,4 oder weniger,m
Casimir,4 oder weniger,m
Casper,4 oder weniger,m
Cassian,4 oder weniger,m
Cassidy,4 oder weniger,m
Cebrail,4 oder weniger,m
Cedric,4 oder weniger,m
Chananthon,4 oder weniger,m
Charalampos,4 oder weniger,m
Charbel-Paul,4 oder weniger,m
Charles,4 oder weniger,m
Charly,4 oder weniger,m
Cheikh,4 oder weniger,m
Cheikhouna,4 oder weniger,m
Chetachukwu,4 oder weniger,m
Chidubem,4 oder weniger,m
Chimaobi,4 oder weniger,m
Chimhurumnanya,4 oder weniger,m
Chiziterem,4 oder weniger,m
Christi,4 oder weniger,m
Christian-Samuel,4 oder weniger,m
Christoph,4 oder weniger,m
Christopher,4 oder weniger,m
Christos,4 oder weniger,m
Chukwuebuka,4 oder weniger,m
Cihan,4 oder weniger,m
Çınar,4 oder weniger,m
Ciro,4 oder weniger,m
Ciwan,4 oder weniger,m
Claus,4 oder weniger,m
Cohen,4 oder weniger,m
Colin,4 oder weniger,m
Collin,4 oder weniger,m
Confidence,4 oder weniger,m
Conor,4 oder weniger,m
Conrad,4 oder weniger,m
Corbinian,4 oder weniger,m
Cornelius,4 oder weniger,m
Cosmo,4 oder weniger,m
Crispin,4 oder weniger,m
Cristiano,4 oder weniger,m
Đức,4 oder weniger,m
Ðức,4 oder weniger,m
Dahir,4 oder weniger,m
Daichi,4 oder weniger,m
Daiki,4 oder weniger,m
Daksh,4 oder weniger,m
Dalyan,4 oder weniger,m
Damian-Andreas,4 oder weniger,m
Damiano,4 oder weniger,m
Damianos,4 oder weniger,m
Damir,4 oder weniger,m
Damir-Andrei,4 oder weniger,m
Damjan,4 oder weniger,m
Đăng,4 oder weniger,m
Dani,4 oder weniger,m
Danial,4 oder weniger,m
Daniar,4 oder weniger,m
Dániel,4 oder weniger,m
Daniel-Enoh,4 oder weniger,m
Daniil,4 oder weniger,m
Danijel,4 oder weniger,m
Danjal,4 oder weniger,m
Danjel,4 oder weniger,m
Dante,4 oder weniger,m
Danyal,4 oder weniger,m
Danylo,4 oder weniger,m
Darian,4 oder weniger,m
Darijan,4 oder weniger,m
Darin,4 oder weniger,m
Dario,4 oder weniger,m
Dario-Nicolas,4 oder weniger,m
Darios,4 oder weniger,m
Darmin,4 oder weniger,m
Daryan-Hussein,4 oder weniger,m
Dashtwan,4 oder weniger,m
Daut,4 oder weniger,m
Davi,4 oder weniger,m
David-Andrei,4 oder weniger,m
David-George,4 oder weniger,m
David-Matei,4 oder weniger,m
Davide,4 oder weniger,m
Davin,4 oder weniger,m
Davyd,4 oder weniger,m
Dawid,4 oder weniger,m
Dawie,4 oder weniger,m
Delio,4 oder weniger,m
Dell,4 oder weniger,m
Demian,4 oder weniger,m
Demid,4 oder weniger,m
Demir,4 oder weniger,m
Demis,4 oder weniger,m
Denamale,4 oder weniger,m
Deni,4 oder weniger,m
Denis-Matei,4 oder weniger,m
Dennis,4 oder weniger,m
Denys,4 oder weniger,m
Derin,4 oder weniger,m
Desmond,4 oder weniger,m
Destiny,4 oder weniger,m
Devid,4 oder weniger,m
Devin,4 oder weniger,m
Dexter,4 oder weniger,m
Dhruva,4 oder weniger,m
Diamant,4 oder weniger,m
Dian,4 oder weniger,m
Diar,4 oder weniger,m
Diell,4 oder weniger,m
Dien,4 oder weniger,m
Dillon,4 oder weniger,m
Dimitar,4 oder weniger,m
Dimitri,4 oder weniger,m
Dimitrij,4 oder weniger,m
Dimitrije,4 oder weniger,m
Dimitrios,4 oder weniger,m
Dimitris,4 oder weniger,m
Din,4 oder weniger,m
Dino,4 oder weniger,m
Diogo,4 oder weniger,m
Dior,4 oder weniger,m
Diran,4 oder weniger,m
Divij,4 oder weniger,m
Diya,4 oder weniger,m
Djamil,4 oder weniger,m
Dlhad,4 oder weniger,m
Dlwar,4 oder weniger,m
Dmitri,4 oder weniger,m
Domagoj,4 oder weniger,m
Dominic,4 oder weniger,m
Dominic-Constantin,4 oder weniger,m
Dominic-Gabriel,4 oder weniger,m
Dominick,4 oder weniger,m
Don,4 oder weniger,m
Donart,4 oder weniger,m
Doruk,4 oder weniger,m
Dragos-Matias,4 oder weniger,m
Drilon,4 oder weniger,m
Drin,4 oder weniger,m
Duc,4 oder weniger,m
Duen,4 oder weniger,m
Durvang,4 oder weniger,m
Dušan,4 oder weniger,m
Duško,4 oder weniger,m
Duy,4 oder weniger,m
Dyfi,4 oder weniger,m
Dylan,4 oder weniger,m
Džan,4 oder weniger,m
Džanan,4 oder weniger,m
Ebrahim,4 oder weniger,m
Eddie,4 oder weniger,m
Eden,4 oder weniger,m
Edgar,4 oder weniger,m
Edian,4 oder weniger,m
Edin,4 oder weniger,m
Ediz,4 oder weniger,m
Edmond,4 oder weniger,m
Edoardo,4 oder weniger,m
Eduard,4 oder weniger,m
Eduardo,4 oder weniger,m
Edward,4 oder weniger,m
Efe,4 oder weniger,m
Efecan,4 oder weniger,m
Efkan,4 oder weniger,m
Efstathios,4 oder weniger,m
Ehigie,4 oder weniger,m
Eivan,4 oder weniger,m
Ekagra,4 oder weniger,m
Ekin,4 oder weniger,m
Ektoras,4 oder weniger,m
Elay,4 oder weniger,m
Eldan,4 oder weniger,m
Eldin,4 oder weniger,m
Eldon,4 oder weniger,m
Elham,4 oder weniger,m
Elhem,4 oder weniger,m
Eli,4 oder weniger,m
Eliab,4 oder weniger,m
Eliah,4 oder weniger,m
Eliano,4 oder weniger,m
Elija,4 oder weniger,m
Elijah,4 oder weniger,m
Elisei-Denis,4 oder weniger,m
Elisey,4 oder weniger,m
Eliyah,4 oder weniger,m
Elliot,4 oder weniger,m
Ellis,4 oder weniger,m
Elmin,4 oder weniger,m
Elroi,4 oder weniger,m
Elvin,4 oder weniger,m
Elvis,4 oder weniger,m
Elyan,4 oder weniger,m
Elyes,4 oder weniger,m
Emaad,4 oder weniger,m
Eman,4 oder weniger,m
Emanuel,4 oder weniger,m
Emanuel-Onorel,4 oder weniger,m
Emanuil,4 oder weniger,m
Emelin,4 oder weniger,m
Emiel,4 oder weniger,m
Émil,4 oder weniger,m
Emil-Amadeus,4 oder weniger,m
Émile,4 oder weniger,m
Emilios,4 oder weniger,m
Emiljan,4 oder weniger,m
Emilo,4 oder weniger,m
Emircan,4 oder weniger,m
Emirhan,4 oder weniger,m
Emmanouil,4 oder weniger,m
Emmanuel,4 oder weniger,m
Emrah,4 oder weniger,m
Emre,4 oder weniger,m
Enar,4 oder weniger,m
Endika,4 oder weniger,m
Enea,4 oder weniger,m
Eneas,4 oder weniger,m
Enel,4 oder weniger,m
Enes,4 oder weniger,m
Engin,4 oder weniger,m
Eni,4 oder weniger,m
Enno,4 oder weniger,m
Ennur,4 oder weniger,m
Enoch,4 oder weniger,m
Enoh-Darius,4 oder weniger,m
Enrico,4 oder weniger,m
Enrik,4 oder weniger,m
Ensar,4 oder weniger,m
Enuar,4 oder weniger,m
Eray,4 oder weniger,m
Erdem,4 oder weniger,m
Erekle,4 oder weniger,m
Eren,4 oder weniger,m
Erencan,4 oder weniger,m
Erfan,4 oder weniger,m
Eric,4 oder weniger,m
Eric-Andrei,4 oder weniger,m
Eric-Mihai,4 oder weniger,m
Erik-Michael,4 oder weniger,m
Erim,4 oder weniger,m
Erion,4 oder weniger,m
Eris,4 oder weniger,m
Erish,4 oder weniger,m
Erlis,4 oder weniger,m
Ermin,4 oder weniger,m
Eros,4 oder weniger,m
Ervin,4 oder weniger,m
Erwin,4 oder weniger,m
Eryk,4 oder weniger,m
Essa,4 oder weniger,m
Esteban,4 oder weniger,m
Ethan,4 oder weniger,m
Étienne,4 oder weniger,m
Etnik,4 oder weniger,m
Ettore,4 oder weniger,m
Euron,4 oder weniger,m
Evan,4 oder weniger,m
Even,4 oder weniger,m
Everett,4 oder weniger,m
Ewald,4 oder weniger,m
Eyad,4 oder weniger,m
Eymen,4 oder weniger,m
Eyüp,4 oder weniger,m
Ezekiel,4 oder weniger,m
Ezra,4 oder weniger,m
Fabrizio,4 oder weniger,m
Fady,4 oder weniger,m
Fahad,4 oder weniger,m
Fahim,4 oder weniger,m
Faiz,4 oder weniger,m
Falco,4 oder weniger,m
Falk,4 oder weniger,m
Falko,4 oder weniger,m
Faniel,4 oder weniger,m
Fanuil,4 oder weniger,m
Fares,4 oder weniger,m
Farhan,4 oder weniger,m
Faris,4 oder weniger,m
Faruk,4 oder weniger,m
Farzam,4 oder weniger,m
Fatih,4 oder weniger,m
Favor,4 oder weniger,m
Fazli,4 oder weniger,m
Federico,4 oder weniger,m
Fehim,4 oder weniger,m
Fehjay,4 oder weniger,m
Felician,4 oder weniger,m
Felipe,4 oder weniger,m
Félix,4 oder weniger,m
Felix-Maximilian,4 oder weniger,m
Ferdinando,4 oder weniger,m
Ferhat,4 oder weniger,m
Fernando,4 oder weniger,m
Fiete,4 oder weniger,m
Fijon,4 oder weniger,m
Fileas,4 oder weniger,m
Filippo,4 oder weniger,m
Filippos,4 oder weniger,m
Findus,4 oder weniger,m
Finian,4 oder weniger,m
Finley,4 oder weniger,m
Finneghan,4 oder weniger,m
Fiodor,4 oder weniger,m
Fionn,4 oder weniger,m
Firdeus,4 oder weniger,m
Fjell,4 oder weniger,m
Flint,4 oder weniger,m
Florentin,4 oder weniger,m
Floris,4 oder weniger,m
Flynn,4 oder weniger,m
Forad,4 oder weniger,m
Forest,4 oder weniger,m
Fran,4 oder weniger,m
Francesco,4 oder weniger,m
Franciszek,4 oder weniger,m
Franco-Akim,4 oder weniger,m
Franjo,4 oder weniger,m
Frank,4 oder weniger,m
Fred,4 oder weniger,m
Frederic,4 oder weniger,m
Frederick,4 oder weniger,m
Fredi,4 oder weniger,m
Frido,4 oder weniger,m
Fridolin,4 oder weniger,m
Frieder,4 oder weniger,m
Fron,4 oder weniger,m
Fryad,4 oder weniger,m
Furkan,4 oder weniger,m
Gabrièl,4 oder weniger,m
Gabriel-Amar,4 oder weniger,m
Gabrijel,4 oder weniger,m
Gaspard,4 oder weniger,m
Gavrilo,4 oder weniger,m
Gean,4 oder weniger,m
Gear,4 oder weniger,m
Genaro,4 oder weniger,m
Gent,4 oder weniger,m
George,4 oder weniger,m
Georges,4 oder weniger,m
Georgij,4 oder weniger,m
Getaneh,4 oder weniger,m
Giacomo,4 oder weniger,m
Gian,4 oder weniger,m
Giancarlo,4 oder weniger,m
Gianluca,4 oder weniger,m
Giannis,4 oder weniger,m
Gio,4 oder weniger,m
Gioele,4 oder weniger,m
Giorgio,4 oder weniger,m
Giovanni,4 oder weniger,m
Giuliano,4 oder weniger,m
Giulio,4 oder weniger,m
Giuseppe,4 oder weniger,m
Gkerman,4 oder weniger,m
Glauk,4 oder weniger,m
Göktuğ,4 oder weniger,m
Gordon,4 oder weniger,m
Gramos,4 oder weniger,m
Guido,4 oder weniger,m
Gün,4 oder weniger,m
Gurbaaz,4 oder weniger,m
Haadi,4 oder weniger,m
Haarun,4 oder weniger,m
Habib,4 oder weniger,m
Habil,4 oder weniger,m
Hadi,4 oder weniger,m
Hagen,4 oder weniger,m
Haider,4 oder weniger,m
Hakan,4 oder weniger,m
Hakeem,4 oder weniger,m
Halid,4 oder weniger,m
Halil,4 oder weniger,m
Halit,4 oder weniger,m
Hamed,4 oder weniger,m
Hammad,4 oder weniger,m
Han,4 oder weniger,m
Hanad,4 oder weniger,m
Hans,4 oder weniger,m
Hanzhang,4 oder weniger,m
Harikesh,4 oder weniger,m
Haris,4 oder weniger,m
Hariwan,4 oder weniger,m
Haron,4 oder weniger,m
Haroun,4 oder weniger,m
Harris,4 oder weniger,m
Haru,4 oder weniger,m
Hasan,4 oder weniger,m
Hassan,4 oder weniger,m
Hattab,4 oder weniger,m
Hayato,4 oder weniger,m
Hayden,4 oder weniger,m
Hazem,4 oder weniger,m
Hector,4 oder weniger,m
Hedi,4 oder weniger,m
Heinrich,4 oder weniger,m
Heinz,4 oder weniger,m
Hektor,4 oder weniger,m
Helios,4 oder weniger,m
Hendrik,4 oder weniger,m
Hennes,4 oder weniger,m
Hevar,4 oder weniger,m
Hillal,4 oder weniger,m
Hilmi,4 oder weniger,m
Hippolyte,4 oder weniger,m
Hisaya,4 oder weniger,m
Hithvick,4 oder weniger,m
Hoang,4 oder weniger,m
Hoàng,4 oder weniger,m
Hosni,4 oder weniger,m
Hubert,4 oder weniger,m
Hunor,4 oder weniger,m
Hunter,4 oder weniger,m
Hüseyin,4 oder weniger,m
Iain,4 oder weniger,m
Iakovos,4 oder weniger,m
Iam,4 oder weniger,m
Ian,4 oder weniger,m
İbrahim,4 oder weniger,m
Idris,4 oder weniger,m
Idriss,4 oder weniger,m
Ife,4 oder weniger,m
Ighodalose,4 oder weniger,m
Ignacy,4 oder weniger,m
Ignis,4 oder weniger,m
Ignjat,4 oder weniger,m
Igor,4 oder weniger,m
Ikechukwu,4 oder weniger,m
Ilai,4 oder weniger,m
Ilan,4 oder weniger,m
Ilario,4 oder weniger,m
Ilay,4 oder weniger,m
Ilhan,4 oder weniger,m
Ilia,4 oder weniger,m
Ilian,4 oder weniger,m
Ilija,4 oder weniger,m
Ilin,4 oder weniger,m
Iliya,4 oder weniger,m
Ilja,4 oder weniger,m
Iljas,4 oder weniger,m
Ilkay,4 oder weniger,m
Ilker,4 oder weniger,m
Ilya,4 oder weniger,m
Ilyan,4 oder weniger,m
İlyas,4 oder weniger,m
Ilyes,4 oder weniger,m
Imad,4 oder weniger,m
Iman,4 oder weniger,m
Immanuel,4 oder weniger,m
Inan,4 oder weniger,m
Inas,4 oder weniger,m
Ioan,4 oder weniger,m
Ireoluwa,4 oder weniger,m
Irineos,4 oder weniger,m
Isaak,4 oder weniger,m
Isacco,4 oder weniger,m
Isaia,4 oder weniger,m
Isaiah,4 oder weniger,m
Isak,4 oder weniger,m
Isam,4 oder weniger,m
Ishak,4 oder weniger,m
Ishaq,4 oder weniger,m
Ismail,4 oder weniger,m
Ismet,4 oder weniger,m
Issa,4 oder weniger,m
Issey,4 oder weniger,m
Isyan,4 oder weniger,m
Iván,4 oder weniger,m
Ivano,4 oder weniger,m
Iyad,4 oder weniger,m
Iyed,4 oder weniger,m
Izhaan,4 oder weniger,m
Izra,4 oder weniger,m
Izyan,4 oder weniger,m
Jack,4 oder weniger,m
Jacopo,4 oder weniger,m
Jad,4 oder weniger,m
Jaden,4 oder weniger,m
Jaiden,4 oder weniger,m
Jaime,4 oder weniger,m
Jakab,4 oder weniger,m
Jakša,4 oder weniger,m
Jamal,4 oder weniger,m
James,4 oder weniger,m
Jamie,4 oder weniger,m
Jamil,4 oder weniger,m
Jan-Petru,4 oder weniger,m
Janes,4 oder weniger,m
Janis,4 oder weniger,m
Janko,4 oder weniger,m
Janne,4 oder weniger,m
Jannes,4 oder weniger,m
Jano,4 oder weniger,m
Janosh,4 oder weniger,m
Jared,4 oder weniger,m
Jari,4 oder weniger,m
Jarl,4 oder weniger,m
Jarno,4 oder weniger,m
Jaro,4 oder weniger,m
Jasko,4 oder weniger,m
Jasmin,4 oder weniger,m
Jason,4 oder weniger,m
Jaydan,4 oder weniger,m
Jayden,4 oder weniger,m
Jaydon,4 oder weniger,m
Jean,4 oder weniger,m
Jean-Paul,4 oder weniger,m
Jemuel,4 oder weniger,m
Jeppe,4 oder weniger,m
Jerome,4 oder weniger,m
Jerron,4 oder weniger,m
Jesco,4 oder weniger,m
Jesper,4 oder weniger,m
Jesús,4 oder weniger,m
Jibrail,4 oder weniger,m
Jijo,4 oder weniger,m
Jim,4 oder weniger,m
Jin,4 oder weniger,m
Jiyan,4 oder weniger,m
Jo,4 oder weniger,m
Joan,4 oder weniger,m
Jóan,4 oder weniger,m
Joao,4 oder weniger,m
Joaquin,4 oder weniger,m
Joas,4 oder weniger,m
Joban,4 oder weniger,m
Joe,4 oder weniger,m
Joey,4 oder weniger,m
Johan,4 oder weniger,m
Jojo,4 oder weniger,m
Jon,4 oder weniger,m
Jonart,4 oder weniger,m
Jonatan,4 oder weniger,m
Jonne,4 oder weniger,m
Jonny,4 oder weniger,m
Jonte,4 oder weniger,m
Joonas,4 oder weniger,m
Joos,4 oder weniger,m
Jorah,4 oder weniger,m
Jordan,4 oder weniger,m
Jordan-James,4 oder weniger,m
Jordi,4 oder weniger,m
Joren,4 oder weniger,m
Jorge,4 oder weniger,m
Jorik,4 oder weniger,m
Jorim,4 oder weniger,m
Joris,4 oder weniger,m
Josa,4 oder weniger,m
Joscha,4 oder weniger,m
Joschua,4 oder weniger,m
Jose,4 oder weniger,m
José,4 oder weniger,m
Joseph,4 oder weniger,m
Josija,4 oder weniger,m
Josip,4 oder weniger,m
Josua,4 oder weniger,m
Jouni,4 oder weniger,m
Jowan,4 oder weniger,m
Jowell,4 oder weniger,m
Juan,4 oder weniger,m
Juan-Pablo,4 oder weniger,m
Jug,4 oder weniger,m
Jul,4 oder weniger,m
Julián,4 oder weniger,m
Julien,4 oder weniger,m
Junes,4 oder weniger,m
Junis,4 oder weniger,m
Juno,4 oder weniger,m
Junus,4 oder weniger,m
Juri,4 oder weniger,m
Justus,4 oder weniger,m
Jusuf,4 oder weniger,m
Kaami,4 oder weniger,m
Kabiel,4 oder weniger,m
Kabir,4 oder weniger,m
Kacem,4 oder weniger,m
Kadir,4 oder weniger,m
Kadircan,4 oder weniger,m
Kafu,4 oder weniger,m
Kaiden,4 oder weniger,m
Kalin,4 oder weniger,m
Kalle,4 oder weniger,m
Kallen,4 oder weniger,m
Kaloyan,4 oder weniger,m
Kan,4 oder weniger,m
Kaniwar,4 oder weniger,m
Kaon,4 oder weniger,m
Karam,4 oder weniger,m
Karan,4 oder weniger,m
Kareem,4 oder weniger,m
Karim,4 oder weniger,m
Karl-Gustav,4 oder weniger,m
Karl-Ludwig,4 oder weniger,m
Karli,4 oder weniger,m
Karol,4 oder weniger,m
Karoly,4 oder weniger,m
Kasim,4 oder weniger,m
Kasimir,4 oder weniger,m
Kasper,4 oder weniger,m
Kavallery,4 oder weniger,m
Kayra,4 oder weniger,m
Kayron,4 oder weniger,m
Kean,4 oder weniger,m
Kelian-Marcus,4 oder weniger,m
Kemal,4 oder weniger,m
Kenbon,4 oder weniger,m
Kendrick,4 oder weniger,m
Keno,4 oder weniger,m
Kerem,4 oder weniger,m
Keremhan,4 oder weniger,m
Kerim,4 oder weniger,m
Keysan,4 oder weniger,m
Khalid,4 oder weniger,m
Khalil,4 oder weniger,m
Khan,4 oder weniger,m
Khanh,4 oder weniger,m
Khôi,4 oder weniger,m
Kiaan,4 oder weniger,m
Kieran,4 oder weniger,m
Killian,4 oder weniger,m
Kim,4 oder weniger,m
Kimi-Maxim,4 oder weniger,m
King-Kendrick,4 oder weniger,m
Kiril,4 oder weniger,m
Kirill,4 oder weniger,m
Kıvanç,4 oder weniger,m
Kiyan,4 oder weniger,m
Kledi,4 oder weniger,m
Knut,4 oder weniger,m
Koa,4 oder weniger,m
Kohen,4 oder weniger,m
Kolja,4 oder weniger,m
Konrad,4 oder weniger,m
Koray,4 oder weniger,m
Kosovar,4 oder weniger,m
Kosta,4 oder weniger,m
Kovu,4 oder weniger,m
Krissanapoom,4 oder weniger,m
Kristian,4 oder weniger,m
Kron,4 oder weniger,m
Kuno,4 oder weniger,m
Kurt,4 oder weniger,m
Kutay,4 oder weniger,m
Kuzey,4 oder weniger,m
Kyan,4 oder weniger,m
Kyano,4 oder weniger,m
Kye,4 oder weniger,m
Kyle,4 oder weniger,m
Kylian,4 oder weniger,m
Kymani,4 oder weniger,m
Lael,4 oder weniger,m
Laher,4 oder weniger,m
Lando,4 oder weniger,m
Lapo,4 oder weniger,m
Latif,4 oder weniger,m
Lauand,4 oder weniger,m
Laurean,4 oder weniger,m
Lauri,4 oder weniger,m
Laurian,4 oder weniger,m
Laurie,4 oder weniger,m
Lavand,4 oder weniger,m
Lavien,4 oder weniger,m
Lawy,4 oder weniger,m
Lazar,4 oder weniger,m
Lazaros,4 oder weniger,m
Lean,4 oder weniger,m
Léandre,4 oder weniger,m
Leart,4 oder weniger,m
Ledri,4 oder weniger,m
Leif,4 oder weniger,m
Lejs,4 oder weniger,m
Lemar,4 oder weniger,m
Len,4 oder weniger,m
Lendrit,4 oder weniger,m
Lenn,4 oder weniger,m
Lennart,4 oder weniger,m
Lenne,4 oder weniger,m
Lenni,4 oder weniger,m
Lennie,4 oder weniger,m
Lenno,4 oder weniger,m
Lennox,4 oder weniger,m
Lenny,4 oder weniger,m
Lenz,4 oder weniger,m
Léo,4 oder weniger,m
Leo-Vincenz,4 oder weniger,m
León,4 oder weniger,m
Léon,4 oder weniger,m
Léonard,4 oder weniger,m
Leonas,4 oder weniger,m
Leonid,4 oder weniger,m
Léopold,4 oder weniger,m
Leroy,4 oder weniger,m
Leven,4 oder weniger,m
Levent,4 oder weniger,m
Levente,4 oder weniger,m
Levi-Emilian,4 oder weniger,m
Levian,4 oder weniger,m
Levy,4 oder weniger,m
Levyn,4 oder weniger,m
Lewin,4 oder weniger,m
Lewis,4 oder weniger,m
Lex,4 oder weniger,m
Leyan,4 oder weniger,m
Leyang,4 oder weniger,m
Leyi,4 oder weniger,m
Liano,4 oder weniger,m
Lias,4 oder weniger,m
Liebhard,4 oder weniger,m
Lieven,4 oder weniger,m
Lilio,4 oder weniger,m
Liman-Bartu,4 oder weniger,m
Linaeus,4 oder weniger,m
Lion-Justino,4 oder weniger,m
Lior,4 oder weniger,m
Lir,4 oder weniger,m
Lirian,4 oder weniger,m
Liron,4 oder weniger,m
Lius,4 oder weniger,m
Livan,4 oder weniger,m
Liyan,4 oder weniger,m
Loan,4 oder weniger,m
Loki,4 oder weniger,m
Loras,4 oder weniger,m
Loren,4 oder weniger,m
Lorian,4 oder weniger,m
Lorik,4 oder weniger,m
Lorin,4 oder weniger,m
Lou,4 oder weniger,m
Loui,4 oder weniger,m
Louie,4 oder weniger,m
Loukas,4 oder weniger,m
Lovre,4 oder weniger,m
Lovro,4 oder weniger,m
Lu,4 oder weniger,m
Lucca,4 oder weniger,m
Lucciano,4 oder weniger,m
Lucian,4 oder weniger,m
Luciano,4 oder weniger,m
Lucien,4 oder weniger,m
Lucio,4 oder weniger,m
Lucious,4 oder weniger,m
Lucius,4 oder weniger,m
Ludovic,4 oder weniger,m
Ludovico,4 oder weniger,m
Lui,4 oder weniger,m
Luís-Romeo,4 oder weniger,m
Luis-Stefan,4 oder weniger,m
Luitpold,4 oder weniger,m
Luk,4 oder weniger,m
Lukian,4 oder weniger,m
Lunis,4 oder weniger,m
Luniz,4 oder weniger,m
Luqman,4 oder weniger,m
Lyam,4 oder weniger,m
Lyas,4 oder weniger,m
Maahir,4 oder weniger,m
Madis,4 oder weniger,m
Mael,4 oder weniger,m
Maël,4 oder weniger,m
Magnus,4 oder weniger,m
Mahambet,4 oder weniger,m
Mahamed,4 oder weniger,m
Mahan,4 oder weniger,m
Mahbeer,4 oder weniger,m
Mahdi,4 oder weniger,m
Maher,4 oder weniger,m
Mahib,4 oder weniger,m
Mahir,4 oder weniger,m
Mailo,4 oder weniger,m
Majk,4 oder weniger,m
Major,4 oder weniger,m
Mak,4 oder weniger,m
Makaio,4 oder weniger,m
Makap,4 oder weniger,m
Maksimilian,4 oder weniger,m
Maksym,4 oder weniger,m
Maksymilian,4 oder weniger,m
Mal,4 oder weniger,m
Malak,4 oder weniger,m
Malek,4 oder weniger,m
Maleo,4 oder weniger,m
Mali,4 oder weniger,m
Mallhar,4 oder weniger,m
Malo,4 oder weniger,m
Malte,4 oder weniger,m
Marc,4 oder weniger,m
Marc-Yves,4 oder weniger,m
Marcell,4 oder weniger,m
Marcello,4 oder weniger,m
Marcelo,4 oder weniger,m
Marcus,4 oder weniger,m
Marek,4 oder weniger,m
Mares,4 oder weniger,m
Marian,4 oder weniger,m
Mariano,4 oder weniger,m
Marijan,4 oder weniger,m
Marin,4 oder weniger,m
Marino,4 oder weniger,m
Marinus,4 oder weniger,m
Mario,4 oder weniger,m
Marios,4 oder weniger,m
Maris,4 oder weniger,m
Marius,4 oder weniger,m
Márk,4 oder weniger,m
Markus,4 oder weniger,m
Marlin,4 oder weniger,m
Maro,4 oder weniger,m
Mart,4 oder weniger,m
Marten,4 oder weniger,m
Martim,4 oder weniger,m
Martín,4 oder weniger,m
Martin-Alexandru,4 oder weniger,m
Martino,4 oder weniger,m
Martins,4 oder weniger,m
Martyn,4 oder weniger,m
Marvellous,4 oder weniger,m
Marvin,4 oder weniger,m
Mason,4 oder weniger,m
Massimo,4 oder weniger,m
Masud,4 oder weniger,m
Mate,4 oder weniger,m
Máté,4 oder weniger,m
Matei,4 oder weniger,m
Matei-Petrică,4 oder weniger,m
Matej,4 oder weniger,m
Mateus,4 oder weniger,m
Mateusch-Elia,4 oder weniger,m
Mateusz,4 oder weniger,m
Matey,4 oder weniger,m
Matheos,4 oder weniger,m
Mathias,4 oder weniger,m
Mathieu,4 oder weniger,m
Mathis,4 oder weniger,m
Matias,4 oder weniger,m
Matice,4 oder weniger,m
Matija,4 oder weniger,m
Matin,4 oder weniger,m
Matis,4 oder weniger,m
Mattheos,4 oder weniger,m
Matthis,4 oder weniger,m
Mattia-Levi,4 oder weniger,m
Matvei,4 oder weniger,m
Matvii,4 oder weniger,m
Matvij,4 oder weniger,m
Maurin,4 oder weniger,m
Maurizio,4 oder weniger,m
Mauro,4 oder weniger,m
Maxime,4 oder weniger,m
Maximo,4 oder weniger,m
Mayar,4 oder weniger,m
Md,4 oder weniger,m
Medon,4 oder weniger,m
Mehdi,4 oder weniger,m
Mehmed,4 oder weniger,m
Mehmetcan,4 oder weniger,m
Mehrab,4 oder weniger,m
Mehran,4 oder weniger,m
Melik,4 oder weniger,m
Meric,4 oder weniger,m
Meriç,4 oder weniger,m
Merlin,4 oder weniger,m
Merrison,4 oder weniger,m
Mertcan,4 oder weniger,m
Méru,4 oder weniger,m
Mervin,4 oder weniger,m
Mete,4 oder weniger,m
Metehan,4 oder weniger,m
Metin,4 oder weniger,m
Meyir,4 oder weniger,m
Micah,4 oder weniger,m
Micha,4 oder weniger,m
Michael-Angelos,4 oder weniger,m
Michel,4 oder weniger,m
Michele,4 oder weniger,m
Mick,4 oder weniger,m
Migel,4 oder weniger,m
Mihael,4 oder weniger,m
Mihailo,4 oder weniger,m
Mihajlo,4 oder weniger,m
Mihali,4 oder weniger,m
Mijo,4 oder weniger,m
Mikail,4 oder weniger,m
Mike,4 oder weniger,m
Mikhail,4 oder weniger,m
Mikkel,4 oder weniger,m
Miko,4 oder weniger,m
Milad,4 oder weniger,m
Milán,4 oder weniger,m
Milan-Alexandru,4 oder weniger,m
Milas,4 oder weniger,m
Miles,4 oder weniger,m
Miliano,4 oder weniger,m
Milio,4 oder weniger,m
Milon,4 oder weniger,m
Miloš,4 oder weniger,m
Milot,4 oder weniger,m
Minas,4 oder weniger,m
Minh,4 oder weniger,m
Minh-Duy,4 oder weniger,m
Mino,4 oder weniger,m
Mirac,4 oder weniger,m
Miraç,4 oder weniger,m
Miras,4 oder weniger,m
Mirko,4 oder weniger,m
Miro,4 oder weniger,m
Miroslav,4 oder weniger,m
Misbah,4 oder weniger,m
Mivaan,4 oder weniger,m
Mobin,4 oder weniger,m
Modsir,4 oder weniger,m
Mohamad,4 oder weniger,m
Mohamud,4 oder weniger,m
Mohib,4 oder weniger,m
Mohouch,4 oder weniger,m
Moisei,4 oder weniger,m
Moisey,4 oder weniger,m
Mokshith,4 oder weniger,m
Momchil,4 oder weniger,m
Monlam,4 oder weniger,m
Moran,4 oder weniger,m
Mosawer,4 oder weniger,m
Moschino,4 oder weniger,m
Mosè,4 oder weniger,m
Moses,4 oder weniger,m
Mouhamed,4 oder weniger,m
Mouhammad,4 oder weniger,m
Moustapha,4 oder weniger,m
Mozamel,4 oder weniger,m
Muaad,4 oder weniger,m
Muan,4 oder weniger,m
Muayid,4 oder weniger,m
Muben,4 oder weniger,m
Mubin,4 oder weniger,m
Muhamed,4 oder weniger,m
Muhammed,4 oder weniger,m
Mujo,4 oder weniger,m
Mulin,4 oder weniger,m
Munachimso,4 oder weniger,m
Munachiso,4 oder weniger,m
Muniir,4 oder weniger,m
Murad,4 oder weniger,m
Musab,4 oder weniger,m
Mustafahan,4 oder weniger,m
Mustafo,4 oder weniger,m
Myas,4 oder weniger,m
Mykhaylo,4 oder weniger,m
Myron,4 oder weniger,m
Nabi,4 oder weniger,m
Nadeem,4 oder weniger,m
Naël,4 oder weniger,m
Nahil,4 oder weniger,m
Naim,4 oder weniger,m
Namu,4 oder weniger,m
Nándor,4 oder weniger,m
Naod,4 oder weniger,m
Natan,4 oder weniger,m
Natanael,4 oder weniger,m
Nathan,4 oder weniger,m
Nathanael,4 oder weniger,m
Nauman,4 oder weniger,m
Navi,4 oder weniger,m
Navid,4 oder weniger,m
Nayel,4 oder weniger,m
Naylamp,4 oder weniger,m
Nazariy,4 oder weniger,m
Neel,4 oder weniger,m
Neemia,4 oder weniger,m
Neev,4 oder weniger,m
Neil,4 oder weniger,m
Nelio-Aurel,4 oder weniger,m
Nelson,4 oder weniger,m
Nenad,4 oder weniger,m
Neoh,4 oder weniger,m
Neos,4 oder weniger,m
Nepomuk,4 oder weniger,m
Neron,4 oder weniger,m
Nexhat,4 oder weniger,m
Niall,4 oder weniger,m
Niam,4 oder weniger,m
Niccoló,4 oder weniger,m
Nicholas,4 oder weniger,m
Nick,4 oder weniger,m
Nick-Nayden,4 oder weniger,m
Niclas,4 oder weniger,m
Nicolao,4 oder weniger,m
Nicolás,4 oder weniger,m
Nicolas-Alexander,4 oder weniger,m
Nicolas-Constantin,4 oder weniger,m
Nicolas-Denis,4 oder weniger,m
Nikita,4 oder weniger,m
Nikodem,4 oder weniger,m
Nikolai,4 oder weniger,m
Nikolaj,4 oder weniger,m
Nikolaus,4 oder weniger,m
Nikos,4 oder weniger,m
Nil,4 oder weniger,m
Nilan,4 oder weniger,m
Nilay,4 oder weniger,m
Nirvair,4 oder weniger,m
Nitin,4 oder weniger,m
Nivan,4 oder weniger,m
Noam,4 oder weniger,m
Noan,4 oder weniger,m
Noe,4 oder weniger,m
Noé,4 oder weniger,m
Noel-Gibril,4 oder weniger,m
Noor,4 oder weniger,m
Nordin,4 oder weniger,m
Nourayn,4 oder weniger,m
Nova,4 oder weniger,m
Noyan,4 oder weniger,m
Nurdan,4 oder weniger,m
Nuri,4 oder weniger,m
Nuriel,4 oder weniger,m
Nursaid,4 oder weniger,m
Obinna,4 oder weniger,m
Obsuman,4 oder weniger,m
Octavian,4 oder weniger,m
Odei,4 oder weniger,m
Odysseas,4 oder weniger,m
Odysseus,4 oder weniger,m
Oğuzhan,4 oder weniger,m
Oisín,4 oder weniger,m
Ole,4 oder weniger,m
Oleksandr,4 oder weniger,m
Olian,4 oder weniger,m
Olivér,4 oder weniger,m
Oliwier,4 oder weniger,m
Oluwadariresimi,4 oder weniger,m
Omed,4 oder weniger,m
Omer,4 oder weniger,m
Omid,4 oder weniger,m
Onyx,4 oder weniger,m
Orest,4 oder weniger,m
Orestis,4 oder weniger,m
Orges,4 oder weniger,m
Orhan,4 oder weniger,m
Orkhan,4 oder weniger,m
Osaiubie,4 oder weniger,m
Osaretin,4 oder weniger,m
Osas,4 oder weniger,m
Oschin,4 oder weniger,m
Osman,4 oder weniger,m
Ossian,4 oder weniger,m
Ostap,4 oder weniger,m
Otis,4 oder weniger,m
Oumar,4 oder weniger,m
Ousman,4 oder weniger,m
Ousseynou,4 oder weniger,m
Oziah,4 oder weniger,m
Ozren,4 oder weniger,m
Ozzy,4 oder weniger,m
Palamède,4 oder weniger,m
Paolino,4 oder weniger,m
Paolo,4 oder weniger,m
Pars,4 oder weniger,m
Parsa,4 oder weniger,m
Parzival,4 oder weniger,m
Patrik,4 oder weniger,m
Patris,4 oder weniger,m
Paul-Antoine,4 oder weniger,m
Paulin,4 oder weniger,m
Paulinus,4 oder weniger,m
Pavel,4 oder weniger,m
Pavle,4 oder weniger,m
Pavlos,4 oder weniger,m
Pedro,4 oder weniger,m
Peer,4 oder weniger,m
Pepe,4 oder weniger,m
Perosh,4 oder weniger,m
Perry,4 oder weniger,m
Peter,4 oder weniger,m
Phileas,4 oder weniger,m
Philéas,4 oder weniger,m
Philip,4 oder weniger,m
Philippos,4 oder weniger,m
Phillip,4 oder weniger,m
Phillip-Gabriel,4 oder weniger,m
Philo,4 oder weniger,m
Phineas,4 oder weniger,m
Phúc,4 oder weniger,m
Pierre,4 oder weniger,m
Piet,4 oder weniger,m
Pietro,4 oder weniger,m
Pino,4 oder weniger,m
Pio,4 oder weniger,m
Pirmin,4 oder weniger,m
Pius,4 oder weniger,m
Plamen,4 oder weniger,m
Pola,4 oder weniger,m
Prince,4 oder weniger,m
Qatadah,4 oder weniger,m
Quentin,4 oder weniger,m
Rabin,4 oder weniger,m
Rachad,4 oder weniger,m
Radoslav,4 oder weniger,m
Radovan,4 oder weniger,m
Raed,4 oder weniger,m
Raffael,4 oder weniger,m
Ragnar,4 oder weniger,m
Rahat,4 oder weniger,m
Rahman,4 oder weniger,m
Raif,4 oder weniger,m
Raik,4 oder weniger,m
Rajan,4 oder weniger,m
Rakan,4 oder weniger,m
Raman,4 oder weniger,m
Ramazan,4 oder weniger,m
Rami,4 oder weniger,m
Ramiro,4 oder weniger,m
Raphaël,4 oder weniger,m
Rareș-Andreei,4 oder weniger,m
Rashdan,4 oder weniger,m
Rashford,4 oder weniger,m
Rassan,4 oder weniger,m
Rastko,4 oder weniger,m
Raul,4 oder weniger,m
Raúl,4 oder weniger,m
Ravin,4 oder weniger,m
Rawan,4 oder weniger,m
Ray,4 oder weniger,m
Rayen,4 oder weniger,m
Rayis,4 oder weniger,m
Raymond,4 oder weniger,m
Rayyan,4 oder weniger,m
Rebaz,4 oder weniger,m
Reda,4 oder weniger,m
Rei,4 oder weniger,m
Rejan,4 oder weniger,m
Rejjan,4 oder weniger,m
Relja,4 oder weniger,m
Rémi,4 oder weniger,m
Remus,4 oder weniger,m
Rémy,4 oder weniger,m
Renato,4 oder weniger,m
Renzo,4 oder weniger,m
Reyan,4 oder weniger,m
Reyhan,4 oder weniger,m
Reza,4 oder weniger,m
Riaan,4 oder weniger,m
Rian,4 oder weniger,m
Riansh,4 oder weniger,m
Ribin,4 oder weniger,m
Ricardo,4 oder weniger,m
Riccardo,4 oder weniger,m
Ridhaan,4 oder weniger,m
Rigas,4 oder weniger,m
Rihan,4 oder weniger,m
Riki,4 oder weniger,m
Rikyu,4 oder weniger,m
Rimando,4 oder weniger,m
Rion,4 oder weniger,m
Rishaan,4 oder weniger,m
Rishi,4 oder weniger,m
Riu,4 oder weniger,m
Riyad,4 oder weniger,m
Robert,4 oder weniger,m
Roberto,4 oder weniger,m
Roble,4 oder weniger,m
Rocco,4 oder weniger,m
Rocket,4 oder weniger,m
Roel,4 oder weniger,m
Roen,4 oder weniger,m
Roger,4 oder weniger,m
Rohan,4 oder weniger,m
Rojus,4 oder weniger,m
Rojvan,4 oder weniger,m
Roko,4 oder weniger,m
Roland,4 oder weniger,m
Ron,4 oder weniger,m
Roni,4 oder weniger,m
Ronnie,4 oder weniger,m
Rosario,4 oder weniger,m
Rosen,4 oder weniger,m
Roshan,4 oder weniger,m
Rovan,4 oder weniger,m
Roy,4 oder weniger,m
Ruairí,4 oder weniger,m
Rubén,4 oder weniger,m
Rubin,4 oder weniger,m
Rudi,4 oder weniger,m
Rudolf,4 oder weniger,m
Rufus,4 oder weniger,m
Ryan,4 oder weniger,m
Ryu,4 oder weniger,m
Saabir,4 oder weniger,m
Saad,4 oder weniger,m
Saadaq,4 oder weniger,m
Saam,4 oder weniger,m
Saarth,4 oder weniger,m
Saathvik,4 oder weniger,m
Sabin,4 oder weniger,m
Sabir,4 oder weniger,m
Sabit,4 oder weniger,m
Sadik,4 oder weniger,m
Sadra,4 oder weniger,m
Sadri,4 oder weniger,m
Safa,4 oder weniger,m
Sai,4 oder weniger,m
Saibo,4 oder weniger,m
Said,4 oder weniger,m
Saif,4 oder weniger,m
Saksham,4 oder weniger,m
Saladin,4 oder weniger,m
Salia,4 oder weniger,m
Salih,4 oder weniger,m
Salim,4 oder weniger,m
Saliou,4 oder weniger,m
Salmaan,4 oder weniger,m
Salman,4 oder weniger,m
Salomo,4 oder weniger,m
Salvador,4 oder weniger,m
Salvatore-Luca,4 oder weniger,m
Samael,4 oder weniger,m
Samaksh,4 oder weniger,m
Saman,4 oder weniger,m
Sambhav,4 oder weniger,m
Samed,4 oder weniger,m
Samee,4 oder weniger,m
Samid,4 oder weniger,m
Sammy,4 oder weniger,m
Samson,4 oder weniger,m
Samu,4 oder weniger,m
Samuele,4 oder weniger,m
Samuil,4 oder weniger,m
Samy,4 oder weniger,m
Sanam,4 oder weniger,m
Sander,4 oder weniger,m
Sandro,4 oder weniger,m
Sani,4 oder weniger,m
Santhiago,4 oder weniger,m
Santiago,4 oder weniger,m
Santino,4 oder weniger,m
Sarthak,4 oder weniger,m
Sascha,4 oder weniger,m
Saud,4 oder weniger,m
Sava,4 oder weniger,m
Savaş,4 oder weniger,m
Savvas,4 oder weniger,m
Sayf,4 oder weniger,m
Sayil,4 oder weniger,m
Schad,4 oder weniger,m
Sean,4 oder weniger,m
Sebajdin,4 oder weniger,m
Sebastián,4 oder weniger,m
Sebastian-Ștefan,4 oder weniger,m
Sebastián-Emilio,4 oder weniger,m
Sebastian-Marian,4 oder weniger,m
Sebastiano,4 oder weniger,m
Sejid,4 oder weniger,m
Selim,4 oder weniger,m
Semih,4 oder weniger,m
Semil,4 oder weniger,m
Semion,4 oder weniger,m
Semuel,4 oder weniger,m
Senti,4 oder weniger,m
Senudin,4 oder weniger,m
Sepp,4 oder weniger,m
Sergej,4 oder weniger,m
Sergey,4 oder weniger,m
Sergios,4 oder weniger,m
Serkan,4 oder weniger,m
Serzan,4 oder weniger,m
Seyit,4 oder weniger,m
Shaarwin,4 oder weniger,m
Shaheen,4 oder weniger,m
Shaheer,4 oder weniger,m
Shahim,4 oder weniger,m
Shahyar,4 oder weniger,m
Shanmukh,4 oder weniger,m
Shaswat,4 oder weniger,m
Shay,4 oder weniger,m
Shayan,4 oder weniger,m
Shazil,4 oder weniger,m
Sheer,4 oder weniger,m
Sheikh,4 oder weniger,m
Shoolin,4 oder weniger,m
Shrithik,4 oder weniger,m
Siaband,4 oder weniger,m
Siar,4 oder weniger,m
Sidar,4 oder weniger,m
Siegfried,4 oder weniger,m
Sijan,4 oder weniger,m
Siluan,4 oder weniger,m
Simael,4 oder weniger,m
Simeon,4 oder weniger,m
Simmba,4 oder weniger,m
Simo,4 oder weniger,m
Simón,4 oder weniger,m
Sinan,4 oder weniger,m
Sirac,4 oder weniger,m
Siroj,4 oder weniger,m
Slaven,4 oder weniger,m
Slavo,4 oder weniger,m
Slobodan,4 oder weniger,m
Smajl,4 oder weniger,m
Sobhan,4 oder weniger,m
Sol,4 oder weniger,m
Soma,4 oder weniger,m
Somil,4 oder weniger,m
Soren,4 oder weniger,m
Soshi,4 oder weniger,m
Spencer,4 oder weniger,m
Sri,4 oder weniger,m
Srud,4 oder weniger,m
Stanislav,4 oder weniger,m
Stanislaw,4 oder weniger,m
Stanley,4 oder weniger,m
Stefan-Claudiu,4 oder weniger,m
Stefano,4 oder weniger,m
Steven,4 oder weniger,m
Sufyan,4 oder weniger,m
Suheyb,4 oder weniger,m
Sulaiman,4 oder weniger,m
Suliman,4 oder weniger,m
Sultan,4 oder weniger,m
Summit,4 oder weniger,m
Sven,4 oder weniger,m
Svyatoslav,4 oder weniger,m
Sylwester,4 oder weniger,m
Szymon,4 oder weniger,m
Taddeo,4 oder weniger,m
Tadej,4 oder weniger,m
Tadian,4 oder weniger,m
Taeyeon,4 oder weniger,m
Taha,4 oder weniger,m
Taim,4 oder weniger,m
Taio,4 oder weniger,m
Tair,4 oder weniger,m
Tajo,4 oder weniger,m
Taksh,4 oder weniger,m
Takuma,4 oder weniger,m
Talha,4 oder weniger,m
Tammo,4 oder weniger,m
Tamo,4 oder weniger,m
Tarak,4 oder weniger,m
Taran,4 oder weniger,m
Taras,4 oder weniger,m
Tarik,4 oder weniger,m
Tariq,4 oder weniger,m
Taro,4 oder weniger,m
Taron,4 oder weniger,m
Tarun,4 oder weniger,m
Tassilo,4 oder weniger,m
Tayfun,4 oder weniger,m
Ted,4 oder weniger,m
Teddy,4 oder weniger,m
Tede,4 oder weniger,m
Teemu,4 oder weniger,m
Tejash,4 oder weniger,m
Tejiri,4 oder weniger,m
Temiloluwa,4 oder weniger,m
Temur,4 oder weniger,m
Temurbek,4 oder weniger,m
Tenahe,4 oder weniger,m
Tenuun,4 oder weniger,m
Teo,4 oder weniger,m
Teoman,4 oder weniger,m
Testimoning,4 oder weniger,m
Thaddäus,4 oder weniger,m
Thadeus,4 oder weniger,m
Théo,4 oder weniger,m
Theocharis,4 oder weniger,m
Theodore,4 oder weniger,m
Theodoros,4 oder weniger,m
Theologos,4 oder weniger,m
Thibo,4 oder weniger,m
Thierno,4 oder weniger,m
Thierry,4 oder weniger,m
Thies,4 oder weniger,m
Thom,4 oder weniger,m
Thoma,4 oder weniger,m
Thor,4 oder weniger,m
Thore,4 oder weniger,m
Tiago,4 oder weniger,m
Tiam,4 oder weniger,m
Tibor,4 oder weniger,m
Tijan,4 oder weniger,m
Till,4 oder weniger,m
Tilo,4 oder weniger,m
Timofei,4 oder weniger,m
Timon,4 oder weniger,m
Timothée,4 oder weniger,m
Timothy,4 oder weniger,m
Tin,4 oder weniger,m
Tino,4 oder weniger,m
Tizian,4 oder weniger,m
Tjark,4 oder weniger,m
Tobiasz,4 oder weniger,m
Toma,4 oder weniger,m
Toma-Eduard,4 oder weniger,m
Tomás,4 oder weniger,m
Tomek,4 oder weniger,m
Tommaso,4 oder weniger,m
Tommy,4 oder weniger,m
Tonio,4 oder weniger,m
Tonny,4 oder weniger,m
Tony,4 oder weniger,m
Toprak,4 oder weniger,m
Trendafil,4 oder weniger,m
Trim,4 oder weniger,m
Tristan,4 oder weniger,m
Troi,4 oder weniger,m
Trojan,4 oder weniger,m
Tudor,4 oder weniger,m
Tunahan,4 oder weniger,m
Ty,4 oder weniger,m
Tyler,4 oder weniger,m
Tymofii,4 oder weniger,m
Tymon,4 oder weniger,m
Tymoteusz,4 oder weniger,m
Ubay,4 oder weniger,m
Udayveer,4 oder weniger,m
Uddhav,4 oder weniger,m
Uğur-Can,4 oder weniger,m
Ujkan,4 oder weniger,m
Ulu,4 oder weniger,m
Umar,4 oder weniger,m
Umut,4 oder weniger,m
Unik,4 oder weniger,m
Unyińmala,4 oder weniger,m
Uras,4 oder weniger,m
Uraz,4 oder weniger,m
Uriel,4 oder weniger,m
Utku,4 oder weniger,m
Uvis,4 oder weniger,m
Uzay,4 oder weniger,m
Vaanraj,4 oder weniger,m
Vahagn,4 oder weniger,m
Valencio,4 oder weniger,m
Valerian,4 oder weniger,m
Valerio,4 oder weniger,m
Valerio-Vasil,4 oder weniger,m
Vasco,4 oder weniger,m
Vasileios,4 oder weniger,m
Vasilij,4 oder weniger,m
Vasilije,4 oder weniger,m
Vasily,4 oder weniger,m
Vedad,4 oder weniger,m
Veli,4 oder weniger,m
Veljko,4 oder weniger,m
Viaan,4 oder weniger,m
Vian,4 oder weniger,m
Vid,4 oder weniger,m
Vihaan,4 oder weniger,m
Vihan,4 oder weniger,m
Vikash,4 oder weniger,m
Vilim,4 oder weniger,m
Vilson,4 oder weniger,m
Vince,4 oder weniger,m
Vincenz,4 oder weniger,m
Vincenzo,4 oder weniger,m
Vinn,4 oder weniger,m
Vinzenz,4 oder weniger,m
Viraj,4 oder weniger,m
Virinchi,4 oder weniger,m
Visar,4 oder weniger,m
Vishisht,4 oder weniger,m
Vitoantonio,4 oder weniger,m
Vittorio,4 oder weniger,m
Vivaan,4 oder weniger,m
Vladimiros,4 oder weniger,m
Vladyslav,4 oder weniger,m
Volodymyr,4 oder weniger,m
Vũ,4 oder weniger,m
Vuk,4 oder weniger,m
Vukan,4 oder weniger,m
Vukasin,4 oder weniger,m
Vyaan,4 oder weniger,m
Walter-Fynn,4 oder weniger,m
Walther,4 oder weniger,m
Wanja,4 oder weniger,m
Wesley,4 oder weniger,m
Wiktor,4 oder weniger,m
Wilhelm,4 oder weniger,m
Willhelm,4 oder weniger,m
Willi,4 oder weniger,m
Williams,4 oder weniger,m
Willy,4 oder weniger,m
Xavian,4 oder weniger,m
Xi-Long,4 oder weniger,m
Xing,4 oder weniger,m
Xuan,4 oder weniger,m
Yașar,4 oder weniger,m
Yagiz,4 oder weniger,m
Yagnesh,4 oder weniger,m
Yahiya,4 oder weniger,m
Yahya,4 oder weniger,m
Yakup,4 oder weniger,m
Yama,4 oder weniger,m
Yaman,4 oder weniger,m
Yanis,4 oder weniger,m
Yaniss,4 oder weniger,m
Yanko,4 oder weniger,m
Yann,4 oder weniger,m
Yannick,4 oder weniger,m
Yannik,4 oder weniger,m
Yaqub,4 oder weniger,m
Yari,4 oder weniger,m
Yaro,4 oder weniger,m
Yaroslav,4 oder weniger,m
Yaruu,4 oder weniger,m
Yaseen,4 oder weniger,m
Yasir,4 oder weniger,m
Yassin,4 oder weniger,m
Yavuz,4 oder weniger,m
Yaw,4 oder weniger,m
Yaz-Mete,4 oder weniger,m
Yazan,4 oder weniger,m
Yekta,4 oder weniger,m
Yelisyei,4 oder weniger,m
Yi-Li,4 oder weniger,m
Yiğit,4 oder weniger,m
Yigithan,4 oder weniger,m
Yijing,4 oder weniger,m
Yisen,4 oder weniger,m
Yll,4 oder weniger,m
Yoab,4 oder weniger,m
Yoan,4 oder weniger,m
Yoann,4 oder weniger,m
Yohannes,4 oder weniger,m
Yona,4 oder weniger,m
Yonah,4 oder weniger,m
Yonas,4 oder weniger,m
Yonatan,4 oder weniger,m
Yosif,4 oder weniger,m
Younes,4 oder weniger,m
Younis,4 oder weniger,m
Yousef,4 oder weniger,m
Yousouf,4 oder weniger,m
Yousuf,4 oder weniger,m
Yue,4 oder weniger,m
Yug,4 oder weniger,m
Yuheng,4 oder weniger,m
Yukio,4 oder weniger,m
Yuma,4 oder weniger,m
Yunis,4 oder weniger,m
Yunos,4 oder weniger,m
Yuri,4 oder weniger,m
Yuriy,4 oder weniger,m
Yusif,4 oder weniger,m
Yuzen,4 oder weniger,m
Zacharie,4 oder weniger,m
Zahed,4 oder weniger,m
Zahir,4 oder weniger,m
Zaid,4 oder weniger,m
Zakaria,4 oder weniger,m
Zakariya,4 oder weniger,m
Zakhar,4 oder weniger,m
Zana,4 oder weniger,m
Zayan,4 oder weniger,m
Zayon,4 oder weniger,m
Zdravko,4 oder weniger,m
Zeak,4 oder weniger,m
Zedan,4 oder weniger,m
Zeki,4 oder weniger,m
Željko-Aras,4 oder weniger,m
Zenon,4 oder weniger,m
Zeyd,4 oder weniger,m
Zeyi,4 oder weniger,m
Ziad,4 oder weniger,m
Zidan,4 oder weniger,m
Zikoranachimdi,4 oder weniger,m
Ziyad,4 oder weniger,m
Ziyan,4 oder weniger,m
Ziyi,4 oder weniger,m
Zubair,4 oder weniger,m
Zübeyir,4 oder weniger,m
